id,cluster_id_Energy_and_Dynamics,cluster_id_Harmony,cluster_id_Rhythm,cluster_id_Timbre,cluster_fingerprint,DBSCAN_Cluster
08QtcDK0rtDFogFP.mp3,1,1,1,1,1_1_1_1,0
0BNlUFeemdBKefcG.mp3,1,1,7,1,1_1_7_1,1
0CkwHBY8u5XCeSjK.mp3,0,0,2,0,0_0_2_0,2
0GIVzSxKobe3OuKt.mp3,0,0,9,0,0_0_9_0,3
0JxOPeLv6rBhDdLJ.mp3,0,0,3,0,0_0_3_0,4
0OQwtp7Nf2vcmIoZ.mp3,1,0,9,1,1_0_9_1,5
0SBWcbhr2m1u0rEx.mp3,1,0,4,1,1_0_4_1,6
0Sqt1P89zBpkKSNc.mp3,1,0,6,1,1_0_6_1,7
0U5lbGWx8kJ0el7g.mp3,1,1,4,1,1_1_4_1,8
0UFnNm1HfwHMljgN.mp3,1,1,0,1,1_1_0_1,9
0c2b9r9kEYreTW3y.mp3,0,0,3,0,0_0_3_0,4
0cTPCJRAeZP3PIdl.mp3,1,1,6,1,1_1_6_1,10
0ea5Bpmf3b40M50R.mp3,1,1,2,1,1_1_2_1,11
0mK9IsrCcBkgwLun.mp3,1,1,2,1,1_1_2_1,11
0o5jvQWVuFrPhA4K.mp3,1,0,9,0,1_0_9_0,12
0tvxEidSgIMsZo0V.mp3,1,1,0,1,1_1_0_1,9
0wcTiyCQ2Urvlmic.mp3,1,1,2,1,1_1_2_1,11
12OPaZ5O3qlPLbh0.mp3,0,0,2,0,0_0_2_0,2
12dt1sEhPPalH4lq.mp3,1,0,0,0,1_0_0_0,-1
130H2LXLrCujgJBE.mp3,1,0,4,1,1_0_4_1,6
1DCWtaOAX4Z9DBrF.mp3,1,1,2,1,1_1_2_1,11
1JFUlOuqFIF58kCc.mp3,0,0,9,0,0_0_9_0,3
1NVjGZV6nHuWO7tP.mp3,2,1,0,1,2_1_0_1,-1
1NYAIIyQEcLtK10c.mp3,1,1,6,1,1_1_6_1,10
1NkXyJoFSqqdEUIJ.mp3,1,1,4,0,1_1_4_0,13
1QQlmxo1sN75uIaW.mp3,0,0,3,0,0_0_3_0,4
1Yz6SFJjLv0TatYq.mp3,1,0,9,1,1_0_9_1,5
1b7L5n3xhCn2bLWX.mp3,0,0,1,0,0_0_1_0,14
1gaJqlNph9e9RT4c.mp3,1,1,7,1,1_1_7_1,1
1i0b2NdbSugNQ61Q.mp3,0,0,5,0,0_0_5_0,15
1uuJTwIZiHWjz5as.mp3,1,1,2,1,1_1_2_1,11
1wCHJrpVFFoxYRz9.mp3,1,0,4,0,1_0_4_0,16
20SqhPoFL90Er4cU.mp3,0,1,4,0,0_1_4_0,17
24pVRAg6rZIdyaLP.mp3,1,1,1,1,1_1_1_1,0
28ZfxWAG6D12aIBA.mp3,1,1,9,1,1_1_9_1,18
2ACCFtROBap3SEZb.mp3,1,1,7,1,1_1_7_1,1
2AgonJWlmYAGKZk5.mp3,0,0,3,1,0_0_3_1,-1
2BCD3NmTUkXqdXjr.mp3,1,1,7,1,1_1_7_1,1
2DDfhiXT6WhGW0vv.mp3,1,0,6,0,1_0_6_0,19
2DHjfjlp8jUKlEKy.mp3,0,1,4,0,0_1_4_0,17
2MrFuWEi2SjRXR35.mp3,0,0,1,0,0_0_1_0,14
2OThghBSooqkWYAY.mp3,0,1,4,1,0_1_4_1,-1
2RGx7dK65CGiZ8M4.mp3,1,0,8,0,1_0_8_0,-1
2SsX4ycdD5bjiUiE.mp3,1,1,2,1,1_1_2_1,11
2TUJFzg0WKXtgw5g.mp3,0,0,4,0,0_0_4_0,20
2VCe6SKvfVWJ3F1A.mp3,1,1,6,1,1_1_6_1,10
2VHwr5rv3Lhf81w9.mp3,1,0,5,1,1_0_5_1,21
2by14H7SawhuzhYa.mp3,1,0,8,1,1_0_8_1,22
2gTZNoowJoQrLU2c.mp3,0,0,9,0,0_0_9_0,3
2n4m11Kt2awS0A9q.mp3,1,1,9,1,1_1_9_1,18
2qYv6IiyMd5Cw5nV.mp3,1,0,9,0,1_0_9_0,12
2wu2qO19q1SHH8St.mp3,1,1,4,1,1_1_4_1,8
31EmF9DBMyMEuSPe.mp3,1,1,4,1,1_1_4_1,8
372vuBtHRGgYLVkw.mp3,1,1,9,1,1_1_9_1,18
3B71TKuKMpg76wCQ.mp3,1,1,4,1,1_1_4_1,8
3Es2RmtAXVSru7IG.mp3,0,1,5,0,0_1_5_0,23
3GdfcoaXBHLqxPWJ.mp3,0,0,5,0,0_0_5_0,15
3Sb125b4eJGQn9QP.mp3,0,1,3,0,0_1_3_0,24
3Xc8jB7bLI0gyjSH.mp3,0,0,9,0,0_0_9_0,3
3XrvzjFFZDpcnZHJ.mp3,1,1,0,0,1_1_0_0,-1
3YuppwFweaGDJu1u.mp3,0,1,6,0,0_1_6_0,25
3hfNCTXa9kGoG7b2.mp3,1,1,1,1,1_1_1_1,0
3ipx8g9bvOSLdZVK.mp3,1,1,2,1,1_1_2_1,11
3lhWv29V53DqnVTq.mp3,1,0,8,1,1_0_8_1,22
3mUOW6jZzycPjlxZ.mp3,1,1,9,0,1_1_9_0,26
3pb0CrUymONCJNKM.mp3,1,1,6,1,1_1_6_1,10
3saT0fjF814XQz3y.mp3,1,1,8,1,1_1_8_1,27
3vdRaLImjV3HTUAc.mp3,1,0,9,0,1_0_9_0,12
3zIjJHOGWlLYAI9c.mp3,0,1,8,0,0_1_8_0,28
442qB0HFBeRnI6sm.mp3,0,0,3,0,0_0_3_0,4
4669pUtu9eOa2U8q.mp3,0,1,5,0,0_1_5_0,23
47uh9rG4UAxYYM04.mp3,0,1,5,1,0_1_5_1,-1
48LhJYoXhAVeJfmv.mp3,1,1,9,1,1_1_9_1,18
48pqvHcvpYRj9F91.mp3,1,1,2,1,1_1_2_1,11
4BCi6k8pJaQ84Lve.mp3,1,0,8,1,1_0_8_1,22
4Du2pRRQRaOyKBTG.mp3,0,0,5,0,0_0_5_0,15
4EMqMtNXAdRqhywW.mp3,0,0,9,1,0_0_9_1,-1
4EZLHYX3aUVxm9dh.mp3,0,0,2,0,0_0_2_0,2
4IlQjegzaqUwWIob.mp3,0,0,3,0,0_0_3_0,4
4LSgvQBBLSawRkaN.mp3,1,0,5,0,1_0_5_0,29
4N8j2v8NijLbnUh3.mp3,1,1,9,1,1_1_9_1,18
4SmvKY7YJ2StYIDr.mp3,1,1,4,1,1_1_4_1,8
4UV7Iah5GBde49H5.mp3,1,1,7,1,1_1_7_1,1
4Vumo5bybkjwPR4V.mp3,0,1,5,0,0_1_5_0,23
4XMjB7IU2mIZvTgw.mp3,1,1,8,1,1_1_8_1,27
4XZAf9lUSS0d0L08.mp3,0,0,5,0,0_0_5_0,15
4ZpYC6TeCCkzasQF.mp3,1,0,9,0,1_0_9_0,12
4bJX42VvFBT4r51X.mp3,1,0,1,1,1_0_1_1,30
4cgS7jcJFTFEXWjI.mp3,1,1,9,0,1_1_9_0,26
4qPrn3WY75W8oYqE.mp3,1,1,9,1,1_1_9_1,18
4tt6Xhl0IQGHLL9y.mp3,0,1,5,0,0_1_5_0,23
4unNIZEiivaE2LaK.mp3,1,0,9,1,1_0_9_1,5
50NnvGh7rWC4X9cc.mp3,1,1,2,1,1_1_2_1,11
54TV37YTpug2DNCU.mp3,1,1,5,1,1_1_5_1,31
589h2wCLw08ch3h2.mp3,1,1,4,1,1_1_4_1,8
5CziBCiNOQBp9QcD.mp3,1,1,9,1,1_1_9_1,18
5M4jTvTf3OlFSeD6.mp3,0,0,8,0,0_0_8_0,32
5QGF5wUX8KBIfC1n.mp3,0,0,9,0,0_0_9_0,3
5a7TpT5N7sci5XJn.mp3,0,0,4,0,0_0_4_0,20
5e02R988TJ10sWNz.mp3,0,1,7,0,0_1_7_0,33
5etHrI3FQbZKWPBh.mp3,0,0,5,0,0_0_5_0,15
5fxnutLeEWYxU2AW.mp3,0,0,7,0,0_0_7_0,34
5hmuHyB0Ha2B6YKF.mp3,0,0,7,0,0_0_7_0,34
5rFnYtdkylfFgb9V.mp3,1,1,7,1,1_1_7_1,1
5uD0I14L3Yiz7eNn.mp3,1,1,4,1,1_1_4_1,8
5wS8ledCDyNt7OLR.mp3,1,1,8,0,1_1_8_0,-1
5wVSZXnaFjaJGK3z.mp3,1,0,6,0,1_0_6_0,19
5zQv6YKdO2vOzpJD.mp3,1,1,9,1,1_1_9_1,18
60TbDOlQmpzCjAnG.mp3,1,1,8,1,1_1_8_1,27
62xS1EUPssB8HwnW.mp3,1,1,5,1,1_1_5_1,31
67ylVMwG5DURODHh.mp3,0,0,3,0,0_0_3_0,4
6JxBFMBp4bV3Mgjh.mp3,0,0,1,0,0_0_1_0,14
6PEQDGleXEIkReaY.mp3,0,0,2,0,0_0_2_0,2
6Tw6Db0bucbzRj8C.mp3,0,0,5,0,0_0_5_0,15
6W4glPfc8FBOKgZO.mp3,1,1,4,0,1_1_4_0,13
6WMUcUlCp192R943.mp3,1,0,1,1,1_0_1_1,30
6YjXW7tLyeGAAGgs.mp3,1,1,8,0,1_1_8_0,-1
6bGyO0pip5cK53JN.mp3,1,1,1,1,1_1_1_1,0
6ipnBdKmrIyhvSxv.mp3,1,0,9,1,1_0_9_1,5
6pdbEwVFE1Rz1XNk.mp3,1,1,4,1,1_1_4_1,8
6v5spsoWbRsUdCUZ.mp3,1,1,4,1,1_1_4_1,8
6yXuMlI2GSxl1CAB.mp3,1,0,1,1,1_0_1_1,30
6zxFzbUMXvogpIrj.mp3,1,1,1,1,1_1_1_1,0
70a8AW06FWtIRGzl.mp3,1,1,5,1,1_1_5_1,31
73h1LHjrfdEjKRL3.mp3,0,0,9,0,0_0_9_0,3
75c4R92LKutSgY4z.mp3,1,0,9,0,1_0_9_0,12
75ur9UT3Sl8XcHax.mp3,1,0,9,0,1_0_9_0,12
7DHRUftX7H7eZyZF.mp3,0,0,9,1,0_0_9_1,-1
7Q09xw9nJBIIXujc.mp3,0,0,7,0,0_0_7_0,34
7RYXpBeJE0jgKoIw.mp3,1,0,5,0,1_0_5_0,29
7UyogQcFbD2GQMbg.mp3,1,0,1,0,1_0_1_0,-1
7XFqhu89KABIZ647.mp3,1,1,5,1,1_1_5_1,31
7doRHDMcQiJDhcwP.mp3,1,0,9,1,1_0_9_1,5
7hH0uXxkWSMn5bsA.mp3,0,0,5,0,0_0_5_0,15
7lfX9MQTRcbIDKUP.mp3,1,1,7,1,1_1_7_1,1
7pmlbcQzzSvtBkvN.mp3,2,0,4,1,2_0_4_1,-1
7s6CbWieQDakf4BE.mp3,0,0,4,0,0_0_4_0,20
7t84tTUQqoUhewpK.mp3,1,0,8,1,1_0_8_1,22
7tjSUrPzynBsbLug.mp3,0,0,5,0,0_0_5_0,15
80REgVQ5rrOuljqU.mp3,1,1,7,1,1_1_7_1,1
86cy65acePN9zMPl.mp3,0,1,5,0,0_1_5_0,23
8AYhrSz0MEcbgZ0k.mp3,1,1,5,1,1_1_5_1,31
8ECFUoWeMLYeuDOU.mp3,1,1,7,1,1_1_7_1,1
8HvNLGDMHTttPx2L.mp3,0,0,7,0,0_0_7_0,34
8KcrVQWhoe32tmig.mp3,1,0,9,1,1_0_9_1,5
8Ke3EjTVACp68tdx.mp3,1,1,9,1,1_1_9_1,18
8O0HmuRPf84qIQkK.mp3,1,1,4,1,1_1_4_1,8
8R8vMDuQKF1ALr3s.mp3,1,1,2,1,1_1_2_1,11
8akWoKXGNYBI2N3l.mp3,1,1,4,1,1_1_4_1,8
8beJCGexhOC3xWns.mp3,0,1,5,1,0_1_5_1,-1
8bff6fUCrssk9YfY.mp3,1,0,4,1,1_0_4_1,6
8fat5Dyd5EgYRmRw.mp3,1,1,2,1,1_1_2_1,11
8fqAv3f7iqXMoUDn.mp3,1,1,1,1,1_1_1_1,0
8x8QtvEIAlNvzL6a.mp3,0,0,9,0,0_0_9_0,3
8xALKHe39NdBVQcC.mp3,1,0,2,0,1_0_2_0,35
90HHD6vbVl1PYcAv.mp3,0,0,4,1,0_0_4_1,-1
95Ihsrv3ym946CDK.mp3,0,1,8,0,0_1_8_0,28
99ETE00c0NDzNgxf.mp3,1,1,2,1,1_1_2_1,11
9CHzAeSHv9tWaIXW.mp3,0,0,9,0,0_0_9_0,3
9LmnjnXX3Kcn0tBO.mp3,0,0,9,0,0_0_9_0,3
9NRXDIckbqAV1YXg.mp3,0,0,8,0,0_0_8_0,32
9R1cIVbrUnZSTeXv.mp3,1,1,5,1,1_1_5_1,31
9UYq3skhDc5103Ha.mp3,1,0,2,1,1_0_2_1,36
9Up61jUpCMQ7OLqr.mp3,1,0,6,0,1_0_6_0,19
9X6WFy073c0NjR9z.mp3,2,1,1,1,2_1_1_1,-1
9XZnUXAlRjwZfVBW.mp3,2,1,8,1,2_1_8_1,-1
9bsV4x1RJ00aAZCC.mp3,0,0,3,0,0_0_3_0,4
9bxuYQ4fJlFwdLMZ.mp3,1,0,4,1,1_0_4_1,6
9devQerG9A3jlksl.mp3,0,0,8,0,0_0_8_0,32
9r7G6VrbgTfZledH.mp3,0,1,9,0,0_1_9_0,37
A1Wrlr0DH4rVbfhA.mp3,0,0,4,0,0_0_4_0,20
A2DqefGeKJKusGjv.mp3,0,0,7,0,0_0_7_0,34
A2KNLMNzfstF4oEY.mp3,0,0,5,0,0_0_5_0,15
ABcJVOMrdVbY3XtM.mp3,0,0,3,0,0_0_3_0,4
AFwfVDWfuwrR8lxZ.mp3,1,1,4,0,1_1_4_0,13
AIxyqrugPmkXByzz.mp3,0,0,9,0,0_0_9_0,3
AJsxkWuvZj94nWyW.mp3,1,1,4,1,1_1_4_1,8
ATYhDNIvbnZXWtXd.mp3,1,1,8,1,1_1_8_1,27
AVpJkUAko5OybSog.mp3,1,1,9,1,1_1_9_1,18
AdOpLRwOPf0lQI8f.mp3,1,1,1,1,1_1_1_1,0
Ahzzze5LaGIYCn34.mp3,1,1,2,1,1_1_2_1,11
AiuWZNKO5P4gcGy1.mp3,1,0,5,0,1_0_5_0,29
Am3gXfVE0dZovO4d.mp3,0,1,9,1,0_1_9_1,-1
AxbUGEy8NnIPDMew.mp3,1,1,9,1,1_1_9_1,18
B34MLxN2Ch8iLGlR.mp3,0,0,9,0,0_0_9_0,3
B5qQdjwMzQ3LXfih.mp3,1,1,4,1,1_1_4_1,8
B8ymBJQALEKy61PA.mp3,1,0,4,1,1_0_4_1,6
BBaha1obZecGL5TC.mp3,0,0,5,0,0_0_5_0,15
BGkDayUEWWZChZ4d.mp3,1,1,5,1,1_1_5_1,31
BH3jnAvsTLBbtIUy.mp3,0,0,9,0,0_0_9_0,3
BJ2tA430oWZtyK5N.mp3,0,0,7,0,0_0_7_0,34
BJ7AnyjOQi31hahT.mp3,0,0,5,0,0_0_5_0,15
BM9yf2OMERmMxH6J.mp3,0,0,2,0,0_0_2_0,2
BQwzjg7rQFf0t5Rt.mp3,1,1,5,1,1_1_5_1,31
BRstYKiOw6MgoTgy.mp3,1,1,2,1,1_1_2_1,11
BS2gFL91rNOIB3s7.mp3,1,1,4,1,1_1_4_1,8
BSMZOxsVjAMtYzb6.mp3,1,1,5,1,1_1_5_1,31
BTUarBTvJcdMJgWv.mp3,1,1,9,1,1_1_9_1,18
BZL8tLuQlZs0evuM.mp3,1,0,5,0,1_0_5_0,29
BkTdTDjLs0Aq3eqH.mp3,2,1,9,1,2_1_9_1,-1
BkslJ0H1iQmE71Yo.mp3,1,1,9,1,1_1_9_1,18
BnCtxhJYpUy9HiPT.mp3,0,1,8,0,0_1_8_0,28
BpoUzZVtEQ6e0JYl.mp3,1,1,8,1,1_1_8_1,27
BsuRiCVEYHt6umBF.mp3,0,0,1,0,0_0_1_0,14
BtNtgl13kRx42Y6A.mp3,1,1,8,1,1_1_8_1,27
C3Iv26MM9sX5SUHG.mp3,1,1,9,1,1_1_9_1,18
C3OMDzB7Pz2AFdyW.mp3,1,0,5,1,1_0_5_1,21
C8CsuqzqSFVW4Pj6.mp3,1,1,2,0,1_1_2_0,-1
CBVBdR0eI0zGSTvz.mp3,0,1,4,0,0_1_4_0,17
CCvnjdkDVK85oDYr.mp3,0,0,6,0,0_0_6_0,38
CFJJmbnI2JZqZLvD.mp3,0,0,6,0,0_0_6_0,38
CJQd0tqL2B0OYHmS.mp3,0,0,9,0,0_0_9_0,3
CNbFUsZQwH9yKJxD.mp3,1,1,9,1,1_1_9_1,18
CVikPeJzDwpiw88b.mp3,1,1,9,1,1_1_9_1,18
CVjgklJR38KAPDnh.mp3,1,0,2,1,1_0_2_1,36
CYlvsHeY6XNm4tRL.mp3,1,1,9,1,1_1_9_1,18
CfdM3YjL3hioijqu.mp3,1,1,7,1,1_1_7_1,1
CjQF73jSVlRdbSsq.mp3,1,0,9,1,1_0_9_1,5
CoaIJubOumUAwBdU.mp3,0,0,8,0,0_0_8_0,32
CrEJy3CAsGUQzZrY.mp3,0,0,5,0,0_0_5_0,15
CrKs42CvLOgCCKl6.mp3,1,0,6,1,1_0_6_1,7
Ct008nIqetAJ8oRi.mp3,2,1,8,1,2_1_8_1,-1
D9tP3tIDhhhjk5mz.mp3,1,1,0,1,1_1_0_1,9
DMmqsQN9clPZ1uII.mp3,0,0,8,0,0_0_8_0,32
DaPa7ooFHdxT1IxX.mp3,1,1,2,1,1_1_2_1,11
DejKM62eNfmHaEa6.mp3,1,1,6,1,1_1_6_1,10
DmA7TgrTBnxAO4yW.mp3,1,1,2,1,1_1_2_1,11
Dwaz7UEwbLFpJLxC.mp3,0,1,5,0,0_1_5_0,23
E3wAqF2yUG19Ugsf.mp3,0,0,0,0,0_0_0_0,39
EBl7cdNyTuFiPHTG.mp3,1,1,6,0,1_1_6_0,-1
ECLqbaDThobuJWyo.mp3,0,0,5,0,0_0_5_0,15
ELuAsEsthZUiIGYq.mp3,1,1,7,1,1_1_7_1,1
ETIUFhqyLgqop3kY.mp3,0,0,5,1,0_0_5_1,-1
EUhS64EkbxHO59ec.mp3,0,1,5,0,0_1_5_0,23
EWRmOOav95GYKxE2.mp3,0,0,4,0,0_0_4_0,20
EWzF75nXtgfeELfs.mp3,0,0,3,0,0_0_3_0,4
EXuXATL3XCvgNN2Q.mp3,2,0,9,1,2_0_9_1,-1
EaqvIckagr9dMSmp.mp3,0,0,4,0,0_0_4_0,20
Ed3mfzO9F0W2EkCE.mp3,1,0,4,0,1_0_4_0,16
EfsOrsdrkeMcDfJ5.mp3,1,1,4,1,1_1_4_1,8
EhWwgTDZsLGjUFW3.mp3,0,0,9,0,0_0_9_0,3
ElZFNnD1kuTyJR5f.mp3,1,0,7,1,1_0_7_1,40
ElukJmIvK6qYdgxk.mp3,0,0,9,0,0_0_9_0,3
EmSbmV4VdvokfFfv.mp3,0,0,7,0,0_0_7_0,34
Eoy8KWNwJgGfZr37.mp3,0,0,3,0,0_0_3_0,4
EtF2Cqs3KoDNuttw.mp3,2,1,9,1,2_1_9_1,-1
Eu0ANa9bhb9a1POr.mp3,2,1,1,1,2_1_1_1,-1
Evsb9mgPay4Ul1cX.mp3,0,1,5,0,0_1_5_0,23
ExOxzyj97q4Q6B8w.mp3,0,0,5,0,0_0_5_0,15
EzMAbcZadxwEBlsR.mp3,1,0,6,1,1_0_6_1,7
F8D2Z8zhnf3qC1FS.mp3,0,0,4,0,0_0_4_0,20
FBqujDGfrNbBmiD0.mp3,1,0,4,0,1_0_4_0,16
FD4tug4YfiAMAsXT.mp3,1,1,1,1,1_1_1_1,0
FE7cL5uQc5r8ex0D.mp3,1,1,8,1,1_1_8_1,27
FEvm1V3JSk2DkdbS.mp3,0,1,2,0,0_1_2_0,41
FQ0ZHCq0JesoAJUh.mp3,1,0,9,0,1_0_9_0,12
FTLyXwhc40zvwTVW.mp3,0,0,4,0,0_0_4_0,20
FXR73Y8yC8l9oEU3.mp3,1,0,4,1,1_0_4_1,6
FdxAdpztMiahoAmX.mp3,1,1,8,0,1_1_8_0,-1
Fe2tfnMBZ9HDpEPa.mp3,0,1,0,0,0_1_0_0,42
FjevBJEzBD0rKFAX.mp3,1,1,1,1,1_1_1_1,0
FmQh5RVcKV0haoJN.mp3,0,1,5,0,0_1_5_0,23
FmbyaB55QNAdg1L4.mp3,1,1,5,1,1_1_5_1,31
Fmcokil0C06HOb83.mp3,0,0,9,0,0_0_9_0,3
FnjghxysrfGKLly4.mp3,1,0,9,0,1_0_9_0,12
Fo5Ogcd2jYzASpj2.mp3,0,0,9,0,0_0_9_0,3
FpSHrgYPnwJvVuZE.mp3,0,0,5,0,0_0_5_0,15
FrI84HxaDSHxi58E.mp3,1,0,8,0,1_0_8_0,-1
Fu3QuYyRTwdZYDrb.mp3,1,1,9,1,1_1_9_1,18
Fu6wmPs1hml4DWE1.mp3,0,1,8,1,0_1_8_1,-1
FvnLLlcU1QldvDlJ.mp3,1,1,9,1,1_1_9_1,18
GBLhyyFqvCmIN5sR.mp3,0,0,8,0,0_0_8_0,32
GEnjxbFfnXrXeDSP.mp3,0,0,2,0,0_0_2_0,2
GQcFjJuYPuq5Mzrr.mp3,1,1,4,1,1_1_4_1,8
GRKnowGLzlIjWhsO.mp3,1,0,8,1,1_0_8_1,22
GRYChZ8Nk6vbDgDa.mp3,0,0,3,0,0_0_3_0,4
GSGoGWG0KW4UDDOg.mp3,1,1,9,1,1_1_9_1,18
GYw25GxkItNfOQom.mp3,0,0,9,0,0_0_9_0,3
Gc0xvcDhQp8ODl1o.mp3,0,0,0,0,0_0_0_0,39
GdPa3qGoStuL9myh.mp3,1,0,4,0,1_0_4_0,16
GdWDExWYdUqrX4LQ.mp3,1,1,6,1,1_1_6_1,10
GeqCdY984QXrf1RO.mp3,0,1,5,0,0_1_5_0,23
GgnsXtgBeLYBqYUe.mp3,1,1,4,1,1_1_4_1,8
GkHGxDLTG55kZu5x.mp3,1,1,9,1,1_1_9_1,18
GllGn47wMxxfJ7Cm.mp3,1,0,8,1,1_0_8_1,22
Gm9nrt9l1LExe41A.mp3,0,0,1,0,0_0_1_0,14
GrHLP5DoO44hycFy.mp3,1,1,7,1,1_1_7_1,1
GrMuVWTwCytfgE7x.mp3,1,1,7,1,1_1_7_1,1
GsGZVExrQ5wxOcIN.mp3,1,0,9,1,1_0_9_1,5
Gth03dpW3NAXMb65.mp3,1,1,0,1,1_1_0_1,9
H33Tm05etxjY6FLq.mp3,0,0,0,0,0_0_0_0,39
H9lZIIov0u9smICR.mp3,1,1,9,0,1_1_9_0,26
HBAdFFQjTWtYGrgQ.mp3,0,0,7,0,0_0_7_0,34
HC3WZq7LmWXCGkxh.mp3,1,0,9,1,1_0_9_1,5
HDDvIc9GrhwWg8qP.mp3,0,0,9,0,0_0_9_0,3
HGYilKCeP2UP4XWn.mp3,1,1,5,1,1_1_5_1,31
HI8a4DQHyQZSCXZ9.mp3,1,0,2,1,1_0_2_1,36
HJ8bE2CSPU0YJlnK.mp3,1,1,9,0,1_1_9_0,26
HMyRy6Veqbr0Cbtp.mp3,1,0,9,1,1_0_9_1,5
HQaXFODjMu3jHZ6m.mp3,0,0,3,0,0_0_3_0,4
HSYGwegzgkUQCHM2.mp3,2,1,9,1,2_1_9_1,-1
HUNdYRaDC9aYD4mN.mp3,1,0,1,1,1_0_1_1,30
HV9XCpqtI3DnSD4Z.mp3,0,0,5,0,0_0_5_0,15
HX3i3Qikhi0EwkCl.mp3,1,0,5,1,1_0_5_1,21
HhYb4g1EXYySeISR.mp3,1,1,4,1,1_1_4_1,8
Hl0RFXDA25bacrSi.mp3,1,0,9,0,1_0_9_0,12
HlLCULfhvjEn8FXD.mp3,1,1,6,1,1_1_6_1,10
HnicHxCxw4IysPNz.mp3,1,1,7,1,1_1_7_1,1
HxGvwdjk4VyJdfs6.mp3,1,1,7,1,1_1_7_1,1
I2vVj3l6l12ChqoP.mp3,0,0,8,0,0_0_8_0,32
I5LaWViD6ralBu0K.mp3,0,0,3,0,0_0_3_0,4
I8HWuyU0MKc3D5yk.mp3,0,1,9,0,0_1_9_0,37
I9aJLiiNONEugHYI.mp3,1,1,1,1,1_1_1_1,0
IC0AP2Kz5Ntab9eQ.mp3,0,1,2,1,0_1_2_1,43
IDg8J7XvKETXatIn.mp3,0,0,2,0,0_0_2_0,2
IHYxyRgVrc5IvERE.mp3,0,1,6,0,0_1_6_0,25
IVO4kUKcWKJbhYMF.mp3,0,0,9,0,0_0_9_0,3
IWvV1x3BPWjDwGJB.mp3,1,1,5,1,1_1_5_1,31
IaSrnZCDaH45L8wB.mp3,0,1,5,0,0_1_5_0,23
IcLjrUb4Ji88ipSq.mp3,1,1,7,1,1_1_7_1,1
IeMNpk7ZYZAQgCH9.mp3,1,1,7,1,1_1_7_1,1
IkoyTQVaoHaFl0Hs.mp3,0,0,9,0,0_0_9_0,3
IopbvgoSKqitWBIp.mp3,0,1,3,0,0_1_3_0,24
IrdwPKDuPRFdT62j.mp3,0,0,7,0,0_0_7_0,34
It3rcl0LrJ7kbiCW.mp3,1,1,9,1,1_1_9_1,18
IyjFvSoKGKcODXzt.mp3,1,0,7,0,1_0_7_0,44
J6B2XXyqh2snCI6N.mp3,1,1,5,1,1_1_5_1,31
J9yvtCORxM9SExUa.mp3,1,1,4,1,1_1_4_1,8
JFarq6woSJ3tCeQ8.mp3,1,1,4,1,1_1_4_1,8
JINDxTNQJbaZLbjx.mp3,1,0,5,1,1_0_5_1,21
JUGHiEZXfLXDxdYL.mp3,1,1,0,1,1_1_0_1,9
JUUcIUJnd0VyWrP3.mp3,1,0,4,0,1_0_4_0,16
JVgV0bedW6IW11Lg.mp3,1,1,5,1,1_1_5_1,31
Ja95Z2TdgYRS13JW.mp3,0,1,2,1,0_1_2_1,43
JclTDstqO2SoYq3y.mp3,0,1,7,0,0_1_7_0,33
Jiwk7Zvbp3lEVnAb.mp3,0,1,4,0,0_1_4_0,17
Jm0H2VHmh2s1aZXs.mp3,1,0,4,0,1_0_4_0,16
JtoOtR9E14ZA4Gbj.mp3,1,1,9,0,1_1_9_0,26
JvaJOVSe2aqTqgru.mp3,1,1,2,1,1_1_2_1,11
JwnaQM4cxt8j5tq3.mp3,1,1,1,1,1_1_1_1,0
JycgSJl4D7q6358i.mp3,0,0,5,0,0_0_5_0,15
JzUziEnd2rReOg7g.mp3,0,0,9,0,0_0_9_0,3
K36H0lEtqS3IJgGa.mp3,1,1,2,1,1_1_2_1,11
K4VkJ4FAK13KrZH1.mp3,1,0,2,1,1_0_2_1,36
K7UxdtmKn5i8GCJn.mp3,0,0,0,0,0_0_0_0,39
K7vDtnZaLhlNz5wU.mp3,0,1,3,0,0_1_3_0,24
K8g3ZS2IlclNVgS1.mp3,0,0,5,0,0_0_5_0,15
KRBkj08fHXfvu6D8.mp3,1,1,0,1,1_1_0_1,9
KU9HhQbm6q1RAVZ8.mp3,1,0,0,1,1_0_0_1,-1
KYjM7r2aZO8ftv5E.mp3,1,1,7,1,1_1_7_1,1
KgDRDaMh2wJnaFVF.mp3,0,1,3,0,0_1_3_0,24
KguTteL3tOdobHH3.mp3,1,0,1,0,1_0_1_0,-1
Kn8gS7HgP66xqgCS.mp3,1,1,2,1,1_1_2_1,11
KnhB7dyal2xt5lpS.mp3,1,1,4,1,1_1_4_1,8
KoYTXFRKjxOE6tve.mp3,0,0,7,0,0_0_7_0,34
KomdvdgF1Spg9gNY.mp3,0,0,5,0,0_0_5_0,15
Kpp0Mb0zh0SQiZxE.mp3,1,0,1,1,1_0_1_1,30
Kqf9hJdu2LwOJkPl.mp3,0,1,0,1,0_1_0_1,-1
KthqdhDtYbuKoqVl.mp3,1,0,5,1,1_0_5_1,21
Kuvbq1ff1Io6WoKl.mp3,1,1,5,1,1_1_5_1,31
KxuSbIvccgwkosWa.mp3,1,1,4,1,1_1_4_1,8
L4saMQuQiEVSX4Yc.mp3,0,0,5,0,0_0_5_0,15
L6IRC5Dn6v1FjMXh.mp3,0,0,9,0,0_0_9_0,3
L81uiGRAAlvx6Rad.mp3,0,1,6,0,0_1_6_0,25
L8bRrL53bYInlShC.mp3,1,1,8,1,1_1_8_1,27
LAImbXseaDKWGBzL.mp3,1,1,0,1,1_1_0_1,9
LCGFVdl4dwIOAWZK.mp3,0,1,4,0,0_1_4_0,17
LDuMNrPgp3eoTeBy.mp3,1,0,8,0,1_0_8_0,-1
LGVOFistb3KCPepC.mp3,0,1,9,0,0_1_9_0,37
LGuvev6ad629cOrI.mp3,1,1,7,1,1_1_7_1,1
LInuuaoUJ4wn5ftC.mp3,1,1,9,0,1_1_9_0,26
LQcLtkwY8hJHJCcd.mp3,1,1,8,1,1_1_8_1,27
LZq9SJvs3onFjszl.mp3,1,1,8,0,1_1_8_0,-1
LavhulT8f7opEhaw.mp3,0,0,2,0,0_0_2_0,2
Lb6byctkZu21mnYA.mp3,0,0,9,1,0_0_9_1,-1
Li3A08A7UQ7rY0Om.mp3,0,1,5,0,0_1_5_0,23
LuDaNFxBc1zDOipg.mp3,0,0,3,0,0_0_3_0,4
M3tfK7q9WpPgHrS9.mp3,0,0,2,0,0_0_2_0,2
M6IPKriyv0siCRU2.mp3,1,1,1,1,1_1_1_1,0
M6KvYI9LYZICxzIk.mp3,1,1,7,1,1_1_7_1,1
M7WDgVe36ucHqpcl.mp3,0,1,7,1,0_1_7_1,-1
MBxYEctkWRQm38cu.mp3,1,1,8,1,1_1_8_1,27
MGP4BiYsPJhqXfjC.mp3,1,1,4,1,1_1_4_1,8
ML0mAHmGpWKqkrxv.mp3,1,1,6,1,1_1_6_1,10
MN8ui0ild1jCmevp.mp3,0,0,9,0,0_0_9_0,3
MOq8pYAvTziNoPdv.mp3,1,1,5,0,1_1_5_0,45
MSsYk5lc8ssIVNV2.mp3,1,1,4,1,1_1_4_1,8
MZeEySXLOFHFZ2S5.mp3,1,1,7,1,1_1_7_1,1
Mb3SRzjRXlvsXrV9.mp3,2,1,9,1,2_1_9_1,-1
Mf8EhxxkKuDsic3G.mp3,0,1,5,0,0_1_5_0,23
Mh2ZJ3D6PTaAIo0l.mp3,0,0,4,0,0_0_4_0,20
MjvKTwS5uVYVpbWn.mp3,0,0,5,0,0_0_5_0,15
MnjLBWYT2W1Eo04f.mp3,1,0,4,1,1_0_4_1,6
MqKY0WfVoApk6Ugw.mp3,1,1,8,1,1_1_8_1,27
Mqk7575s386uHapk.mp3,0,0,5,0,0_0_5_0,15
MsmdK8FYrqGepJf6.mp3,1,1,0,1,1_1_0_1,9
N1vzc7y3rYCZWo7F.mp3,0,1,5,0,0_1_5_0,23
N2mHpZqT8tAtbJVb.mp3,1,1,7,1,1_1_7_1,1
N6ShI0sxkbJQU5ti.mp3,1,1,2,1,1_1_2_1,11
NEbfOxYctQ1xe1PB.mp3,1,1,5,0,1_1_5_0,45
NG6kvyf2TSOmLL4a.mp3,0,1,0,0,0_1_0_0,42
NKv0z61yoRsPijNc.mp3,0,0,9,0,0_0_9_0,3
NSmcl9C7VWRkjz2O.mp3,0,0,5,0,0_0_5_0,15
NVI0BKgyIOuM70da.mp3,1,0,4,0,1_0_4_0,16
NWxoKXzVVUMQa592.mp3,1,1,9,1,1_1_9_1,18
NabVBJbLX5N1mkJe.mp3,0,1,9,0,0_1_9_0,37
NeY22GQ0nspgugSz.mp3,0,0,5,0,0_0_5_0,15
Nwdwx1ZWqT40QO0K.mp3,1,1,2,1,1_1_2_1,11
NzoxAA1UvVEzkkGG.mp3,1,1,4,1,1_1_4_1,8
O2DJRpLlPwWJ1BnU.mp3,1,1,5,0,1_1_5_0,45
O3CWHdlVzGXcWIT4.mp3,0,0,7,0,0_0_7_0,34
OBfz1g4elGAX4cuc.mp3,0,0,5,0,0_0_5_0,15
OOGQBdeuw6GoXIck.mp3,1,0,0,0,1_0_0_0,-1
OQd4amCL3R7t8LoJ.mp3,1,1,7,1,1_1_7_1,1
OSxWMyro4wiPcoKg.mp3,1,1,4,1,1_1_4_1,8
OU2k1WsTY4VBX3U9.mp3,0,1,6,0,0_1_6_0,25
OWw5IxOAYPfFB7nF.mp3,0,0,9,0,0_0_9_0,3
OayKiQSj2pCOqXuU.mp3,1,1,9,1,1_1_9_1,18
OccbkGSoZxaFP70s.mp3,1,0,4,1,1_0_4_1,6
OeS4xj0p5GRnCfGO.mp3,1,0,2,1,1_0_2_1,36
OeySCk4wjCPpOLjJ.mp3,0,0,6,0,0_0_6_0,38
OfX4QOet6QCcLEpG.mp3,1,1,7,1,1_1_7_1,1
OgoB6fwZKNSm7na8.mp3,1,1,9,1,1_1_9_1,18
OiYvnqpntvc5lLwI.mp3,1,1,8,1,1_1_8_1,27
OsK6eHHrr4WsiQh1.mp3,0,0,7,0,0_0_7_0,34
OtOOgLgjeyv026hD.mp3,0,0,6,0,0_0_6_0,38
P3tBaMNxhiSWlDyh.mp3,1,1,9,1,1_1_9_1,18
P5pItS5tIFgDz3DI.mp3,1,0,6,0,1_0_6_0,19
P6w5PS1t95ADTLOw.mp3,0,0,8,0,0_0_8_0,32
PDJj9tVehVNIU1N4.mp3,0,0,4,0,0_0_4_0,20
PDtCl6diiWJkjVJX.mp3,1,0,7,0,1_0_7_0,44
PFnaBzb14qUR7Ah4.mp3,1,1,9,1,1_1_9_1,18
PI3IWGuwWuGrzNHp.mp3,0,0,4,0,0_0_4_0,20
PRW2KFNI65VGxNqs.mp3,1,1,6,1,1_1_6_1,10
PZcJOvnLlhshDzfF.mp3,1,1,4,1,1_1_4_1,8
PjlmZuOfDciNPZOG.mp3,1,1,4,1,1_1_4_1,8
Pk2dvqU8cnutBoI5.mp3,1,0,1,1,1_0_1_1,30
Pmetbu2VNIu5drGH.mp3,0,1,9,1,0_1_9_1,-1
PpTXwGBgl8jxGAZK.mp3,1,0,4,1,1_0_4_1,6
PtyyI63REyhuqMxR.mp3,1,1,7,1,1_1_7_1,1
Q2cTcU0yl0QYJ8Py.mp3,1,0,7,1,1_0_7_1,40
Q2oIu1WQJEWgQo6A.mp3,0,0,1,1,0_0_1_1,-1
Q5q4lwJGf75gRwVp.mp3,1,1,9,1,1_1_9_1,18
Q6A3j2YYtE8RcL7b.mp3,1,1,2,1,1_1_2_1,11
QADw7SG44Div48wi.mp3,1,0,9,1,1_0_9_1,5
QFhstigS9Te3BUNN.mp3,1,1,6,1,1_1_6_1,10
QPN33zgtQQMiB836.mp3,1,1,0,1,1_1_0_1,9
QQ9JNvyH0RIMEIc6.mp3,0,0,9,0,0_0_9_0,3
QRCmbYfchz3dJaP8.mp3,1,1,9,1,1_1_9_1,18
QSddbC79Jn64Ygf3.mp3,0,0,4,0,0_0_4_0,20
QXL27mH002kXbIfJ.mp3,0,0,2,1,0_0_2_1,-1
QaIdHG0xXzHNqq31.mp3,0,1,4,0,0_1_4_0,17
QbQTHVsQ6n6I36Lt.mp3,1,0,4,1,1_0_4_1,6
QbuyyiWI1dIVgGLL.mp3,1,0,9,0,1_0_9_0,12
Qd13tDDRvOVNjlBy.mp3,0,0,3,0,0_0_3_0,4
QfeuBw2KWyVBoUgk.mp3,0,1,6,0,0_1_6_0,25
QgUXpmMME7K6Qsp7.mp3,1,0,2,0,1_0_2_0,35
Qih0fX9x2yvBTWlM.mp3,1,1,0,1,1_1_0_1,9
QlUurZZafVZv2ZwB.mp3,0,0,6,1,0_0_6_1,-1
QpNmx0tmdeqrOCYG.mp3,0,0,6,0,0_0_6_0,38
Qy6XiJfg7HV2tE4x.mp3,0,0,7,0,0_0_7_0,34
R1xR8T9ncUi25pHH.mp3,0,1,2,0,0_1_2_0,41
R2l78832yEgwztuO.mp3,0,0,8,0,0_0_8_0,32
R5pkws3vIJVUDshK.mp3,1,1,4,1,1_1_4_1,8
REibdfIo5AYBPuiM.mp3,0,0,7,0,0_0_7_0,34
RQ4ZF9bRVhym115p.mp3,0,0,9,0,0_0_9_0,3
RQaJVHmmWVZt2QRJ.mp3,1,1,5,1,1_1_5_1,31
RUh8nImdIz1G5iJ9.mp3,0,0,9,0,0_0_9_0,3
RbHPtOX2YiJVZEWW.mp3,0,1,6,1,0_1_6_1,-1
RkP6OqmRg41sLkSU.mp3,1,0,7,1,1_0_7_1,40
RtHIjk6md3HQTdb5.mp3,1,1,9,1,1_1_9_1,18
RzocF3gKW2yG83ir.mp3,0,0,8,0,0_0_8_0,32
S4fGcO6HKI8H0sI2.mp3,0,1,4,0,0_1_4_0,17
S4tRHm98aBoc7NlS.mp3,0,0,4,0,0_0_4_0,20
S9Q5jj70XllAPR0Z.mp3,0,1,4,0,0_1_4_0,17
SKTVaDjh1GT5Ubqv.mp3,0,1,6,0,0_1_6_0,25
SOCsJtsAtmq2EakN.mp3,1,1,4,1,1_1_4_1,8
Sg41uUue7CTFb3wB.mp3,1,1,7,1,1_1_7_1,1
SgQEZzBFOnaPVpE6.mp3,1,0,6,1,1_0_6_1,7
SjUADEzoxHiXTfGq.mp3,1,0,7,0,1_0_7_0,44
T25sOQFGjGgy1DCm.mp3,1,0,0,1,1_0_0_1,-1
T6Bt1vSox4Z5PzZy.mp3,1,0,9,1,1_0_9_1,5
TDEvHybYODVgN7Sg.mp3,0,1,3,0,0_1_3_0,24
TEf3wQEIHRYF6E2e.mp3,2,1,4,1,2_1_4_1,-1
TNkZ4twaTnxo6cxb.mp3,1,1,2,1,1_1_2_1,11
TS6qdo1ZLWVeuzPP.mp3,0,0,9,0,0_0_9_0,3
TaENlBl0JJIbI2HF.mp3,0,1,2,0,0_1_2_0,41
TfDcisAgz7sLIi7w.mp3,0,0,3,0,0_0_3_0,4
TfexDGXtHjt1Pzco.mp3,1,0,8,1,1_0_8_1,22
TgabLRP7tnvXnhcv.mp3,0,1,9,1,0_1_9_1,-1
TiY3mf7XSgk1YVto.mp3,0,1,7,0,0_1_7_0,33
TjFk9rj8E1jJjlqh.mp3,1,1,4,1,1_1_4_1,8
TlBFDpOo9d9QySF4.mp3,0,0,6,0,0_0_6_0,38
Tlm4LeDIEt6f4cAv.mp3,0,1,3,0,0_1_3_0,24
Tm8OVxgH4HiZql8u.mp3,1,0,9,1,1_0_9_1,5
TmgtWNVEax3fqvIt.mp3,0,0,5,0,0_0_5_0,15
TnrubZsqyEaj7b9n.mp3,1,1,8,1,1_1_8_1,27
TtSgXo4WbcR224sy.mp3,0,1,7,0,0_1_7_0,33
Tvty0QvaU2vVFl8U.mp3,1,0,4,1,1_0_4_1,6
TvyK48kBK3S8XOXD.mp3,1,1,4,1,1_1_4_1,8
TwBJLxtsSwb6lS6c.mp3,0,0,5,0,0_0_5_0,15
TwbX48uRctTvcFer.mp3,0,1,3,0,0_1_3_0,24
Tyb0Q5FiVZXtGm6r.mp3,0,0,5,0,0_0_5_0,15
U1rxuq7zzWxK5Fpi.mp3,1,1,8,1,1_1_8_1,27
U4Ro78RJowK46gqM.mp3,1,0,9,0,1_0_9_0,12
U7fccHn4jHRpvQQG.mp3,1,0,7,1,1_0_7_1,40
U7hIjmwbG5zedmpY.mp3,0,1,9,0,0_1_9_0,37
U9vo5LiEHh7NJiGZ.mp3,1,1,7,1,1_1_7_1,1
UKBItAQTybZON9yL.mp3,0,0,5,0,0_0_5_0,15
UUNAX09mNdbCvWLj.mp3,1,0,9,1,1_0_9_1,5
UZujbJMl2DpSLeTg.mp3,1,1,4,1,1_1_4_1,8
UhTFxoFKfu6ZNsWY.mp3,1,1,4,0,1_1_4_0,13
Uj77vqQXKfPFNpzU.mp3,1,0,5,0,1_0_5_0,29
UmDz6OtEI9nNEtVY.mp3,0,1,5,1,0_1_5_1,-1
UrF2YRmCsFE6zm9v.mp3,0,0,8,0,0_0_8_0,32
V4v9RgWwBJWDAkSv.mp3,1,1,6,1,1_1_6_1,10
V6UNgp7xhob83ATX.mp3,0,0,5,0,0_0_5_0,15
VJMiLQUCs0OStnas.mp3,1,1,9,1,1_1_9_1,18
VRlTY1wBRLFETozr.mp3,0,0,5,0,0_0_5_0,15
VS5BXP0BmlnlCVq8.mp3,1,1,5,0,1_1_5_0,45
VURVBtiMUfmKOqWZ.mp3,1,1,0,1,1_1_0_1,9
VVymvgRjQpRYYtKn.mp3,1,1,6,1,1_1_6_1,10
VWAgq5FtbBMH5KnJ.mp3,1,0,1,1,1_0_1_1,30
VWSHTTzmOlXI28VY.mp3,1,1,4,1,1_1_4_1,8
VailArCWSeZnBlCX.mp3,1,1,4,1,1_1_4_1,8
VcxqPLiWFJ46cFoi.mp3,0,1,5,0,0_1_5_0,23
VhOUrYHbmHdtyXdE.mp3,1,1,2,0,1_1_2_0,-1
VjFh1MmT04Kf0x7K.mp3,0,0,4,0,0_0_4_0,20
VmAS7oXFKpYuVA0J.mp3,1,0,9,1,1_0_9_1,5
VmUbfpibcjjJiEqd.mp3,1,0,9,0,1_0_9_0,12
VoTKGmX6CJ6VbAJ9.mp3,1,0,5,0,1_0_5_0,29
VpgVd3wlElnG1JfP.mp3,0,1,0,1,0_1_0_1,-1
Vvleil2VGhGL4Nke.mp3,1,1,5,1,1_1_5_1,31
Vw0kH5w0alADWt20.mp3,0,1,9,0,0_1_9_0,37
W6l3uBiMIPJIrT0F.mp3,0,1,5,0,0_1_5_0,23
W88QK2BVI0L2Vc1G.mp3,0,0,6,0,0_0_6_0,38
W9jD12WdKc6w8Q55.mp3,1,1,2,1,1_1_2_1,11
WAgoJ6urMHQs98uk.mp3,0,1,3,0,0_1_3_0,24
WHgbIvxwK9gplQAB.mp3,1,1,4,1,1_1_4_1,8
WK41eG0q5syzuYcj.mp3,1,1,8,1,1_1_8_1,27
WMIfXQFwXkJkSD6G.mp3,1,0,4,1,1_0_4_1,6
WMQ06gOzF40IAwsd.mp3,1,1,9,1,1_1_9_1,18
WMqtAFlWTd5P7SUZ.mp3,1,1,8,1,1_1_8_1,27
WPE7moIt4WG7FTcH.mp3,1,0,8,1,1_0_8_1,22
WPemarkULFvYg8WT.mp3,1,1,1,1,1_1_1_1,0
WShmxyfqSCMR5szK.mp3,1,1,9,1,1_1_9_1,18
WVaKLIKUCW2dZ9zS.mp3,0,0,8,1,0_0_8_1,-1
WZk9NsK9zECWoYku.mp3,0,1,3,0,0_1_3_0,24
WZyPLGh0WyW7cKDP.mp3,1,1,2,1,1_1_2_1,11
Wby4A1CwVAbkVpdW.mp3,0,1,5,0,0_1_5_0,23
WesrYyLoZN6YjX2Z.mp3,1,1,5,1,1_1_5_1,31
WfoiBiXHKgKU6SM3.mp3,1,1,8,1,1_1_8_1,27
WljWMIhImp5Ak6dx.mp3,1,1,4,1,1_1_4_1,8
WnGHeEUToa6Nqobk.mp3,0,0,9,0,0_0_9_0,3
Wqf6pRoF6FLTgPsI.mp3,1,0,7,0,1_0_7_0,44
Wxo0mRciBidH8e6d.mp3,1,0,1,1,1_0_1_1,30
X7sPH0TgmQPqLPov.mp3,0,1,5,0,0_1_5_0,23
XBAcTTfiztjxLbhh.mp3,1,0,9,0,1_0_9_0,12
XDwp5cUhFhxKSaoW.mp3,2,1,1,1,2_1_1_1,-1
XEllSYOVhmtXbBWh.mp3,1,1,2,1,1_1_2_1,11
XKwM9F1slY0ro8ap.mp3,0,0,1,0,0_0_1_0,14
XOtPca0L9EQo5MAB.mp3,1,1,9,1,1_1_9_1,18
XS5Vp0NWG45APIVn.mp3,1,0,5,1,1_0_5_1,21
XZPCWOlJOAIhX9oN.mp3,1,0,2,1,1_0_2_1,36
XoMTY8y9eTq07R61.mp3,1,0,4,1,1_0_4_1,6
XoP0eKi98jYxWXHl.mp3,0,0,4,0,0_0_4_0,20
XqNSufAhsobswfu2.mp3,1,0,4,1,1_0_4_1,6
Y0rtcr77gzdsj7ED.mp3,1,1,8,1,1_1_8_1,27
Y3UkgwteqedusUjK.mp3,1,1,0,1,1_1_0_1,9
YBTnWKtN80wW5uog.mp3,1,1,0,1,1_1_0_1,9
YBcm81tVR8OmQZvw.mp3,1,1,9,1,1_1_9_1,18
YDxnOffYTjf009TJ.mp3,1,0,2,1,1_0_2_1,36
YH7UdqVlFi14iDYl.mp3,0,1,4,0,0_1_4_0,17
YI43cXc41I5yuQek.mp3,0,0,5,0,0_0_5_0,15
YNViXcMGPvBZIQlI.mp3,0,1,1,0,0_1_1_0,-1
YNkPtN1UVDMj74FT.mp3,1,1,4,1,1_1_4_1,8
Yj1bM69Gl2gf83wJ.mp3,1,1,2,1,1_1_2_1,11
YkbGiAJzhwRpMjbt.mp3,0,0,5,0,0_0_5_0,15
YmqGDVY8S5HPPiKe.mp3,0,1,4,0,0_1_4_0,17
YqSiiPBRMrCryxDP.mp3,0,1,9,0,0_1_9_0,37
YsJAv2aXzu3UJbne.mp3,0,0,1,0,0_0_1_0,14
Yt5S8BgnxqxD22eB.mp3,0,1,1,0,0_1_1_0,-1
Yu5pnss1s37WsRQr.mp3,0,0,3,0,0_0_3_0,4
YvAYhPHxxvWm2b2t.mp3,0,0,3,0,0_0_3_0,4
Z55vpaeviMhFuca6.mp3,1,1,9,1,1_1_9_1,18
ZB4EiZPVttA4uuRI.mp3,1,0,8,1,1_0_8_1,22
ZEtvHYEnk0sJMbo4.mp3,1,1,4,1,1_1_4_1,8
ZKYMMjn2NMhnsxTK.mp3,1,1,8,1,1_1_8_1,27
ZLnzLMJcySZ062tF.mp3,1,1,5,1,1_1_5_1,31
ZPOKnhSyBHe1I6ZG.mp3,1,1,4,1,1_1_4_1,8
ZPZ1RPWsy4vlKjVk.mp3,1,1,1,1,1_1_1_1,0
ZRK2d5uAkSaeASsM.mp3,1,1,2,1,1_1_2_1,11
ZYRuuiFx0iOpNxLl.mp3,1,1,6,1,1_1_6_1,10
ZYSL88GotwXaZHJk.mp3,1,1,6,1,1_1_6_1,10
ZYn6aDv71F4oaN73.mp3,0,0,9,0,0_0_9_0,3
ZaC51w5QWY64B45l.mp3,1,0,9,1,1_0_9_1,5
ZaOjiffhSf2uERHr.mp3,0,0,7,0,0_0_7_0,34
ZalmW8lkV3FnyzMN.mp3,1,0,2,0,1_0_2_0,35
Ze5VVCw9rV4ARnyn.mp3,1,1,9,1,1_1_9_1,18
ZeUjdgJwgtdrMlXD.mp3,1,1,8,1,1_1_8_1,27
Zg3RMgNrVuh1fydu.mp3,1,1,7,1,1_1_7_1,1
ZgOT6crudx73BGid.mp3,1,1,9,1,1_1_9_1,18
ZmJ4O96sPrFBSqWy.mp3,1,0,7,0,1_0_7_0,44
Zn9KtpiwPWba28ES.mp3,0,1,5,0,0_1_5_0,23
ZoUWqg2L5mDSxA4f.mp3,0,1,3,0,0_1_3_0,24
ZwTOZ6HF7dKHIVg1.mp3,1,1,5,0,1_1_5_0,45
ZyJf1HJCUdb0QG7y.mp3,0,1,7,0,0_1_7_0,33
Zzwj2v7syjzEKEdo.mp3,0,0,7,0,0_0_7_0,34
a3EUbWw9FHfDjApD.mp3,1,1,6,1,1_1_6_1,10
a7uIHdSUoDpY8A8C.mp3,0,0,4,0,0_0_4_0,20
aA7sz1whyZs7k6Hf.mp3,1,0,7,1,1_0_7_1,40
aCXRwMwdXdryplQe.mp3,1,0,7,1,1_0_7_1,40
aFoiQaU8aRwL4xSs.mp3,1,0,6,0,1_0_6_0,19
aJZVLKqoJgsUz5X6.mp3,0,1,5,0,0_1_5_0,23
aNYQ7ySXzax4NlKK.mp3,1,1,1,1,1_1_1_1,0
aPTgwJQAyWYppRRm.mp3,0,0,4,0,0_0_4_0,20
aQtUa94cM9h8Jb4g.mp3,0,0,9,0,0_0_9_0,3
aROrKtvol5sZLhe3.mp3,0,0,3,0,0_0_3_0,4
aTqZl6gUeeZEwBNB.mp3,0,0,3,0,0_0_3_0,4
aWqw8p96qPODShPE.mp3,1,0,8,1,1_0_8_1,22
aYQQVVr2NsGJ2hD2.mp3,1,1,1,1,1_1_1_1,0
ahUKZMn85Im9soE5.mp3,0,0,7,0,0_0_7_0,34
aiSeKXQequMIzbzW.mp3,0,0,7,0,0_0_7_0,34
ajhLWNQfTlIIkui8.mp3,0,1,4,0,0_1_4_0,17
akCadU3h1HTA4D2T.mp3,1,1,2,1,1_1_2_1,11
al20nKynPIrI7ODS.mp3,1,1,9,1,1_1_9_1,18
amwO6RfJmDZQvvBY.mp3,0,0,7,0,0_0_7_0,34
arAmYEHgo1DnCdcK.mp3,0,0,6,0,0_0_6_0,38
asGS9DHkQaJtiOH0.mp3,1,1,5,1,1_1_5_1,31
azfX6HuHm8ci8H3N.mp3,1,0,0,1,1_0_0_1,-1
b10V6yAlVZddV82K.mp3,0,0,0,0,0_0_0_0,39
b20k2UXSF8ca5JLt.mp3,1,0,2,0,1_0_2_0,35
b2RaLDmuXHtCYMX8.mp3,1,0,5,0,1_0_5_0,29
b8Ym38M94n4ELW3m.mp3,1,0,5,1,1_0_5_1,21
b9AZtM25vLagTlIG.mp3,1,1,4,1,1_1_4_1,8
b9QGFksYYJYtMcAz.mp3,0,1,2,1,0_1_2_1,43
b9h6swL5DKFutshK.mp3,1,0,9,0,1_0_9_0,12
bHDG4qWOoHcI1WtL.mp3,1,1,9,1,1_1_9_1,18
bHdBEwKkd5sw3JCI.mp3,1,1,9,1,1_1_9_1,18
bPyleu10P4y8h1Cm.mp3,1,1,9,1,1_1_9_1,18
bR2HstWBLTWCvRND.mp3,1,0,1,1,1_0_1_1,30
bRjbNnyPyWsRSu8B.mp3,0,0,6,0,0_0_6_0,38
bVhNIbgtCsq1mVLC.mp3,1,0,8,1,1_0_8_1,22
bZ4g7jTBsrb3i0Cg.mp3,1,0,9,0,1_0_9_0,12
bdaGSmV4KSzJOFMq.mp3,1,1,9,1,1_1_9_1,18
bdafnwIpEhOd7mzo.mp3,1,0,2,0,1_0_2_0,35
bfWL3RvDxJphEobY.mp3,1,1,2,1,1_1_2_1,11
bfc8KUMihgkAWVys.mp3,0,1,4,0,0_1_4_0,17
bhe6CeD6i8Y2chE4.mp3,1,1,2,1,1_1_2_1,11
bjrYAkv0watoX0jn.mp3,1,0,9,1,1_0_9_1,5
bkz7Bw1ny4HZxvY8.mp3,2,1,7,1,2_1_7_1,-1
bsB8HxEpHhFdbZ5w.mp3,1,1,9,1,1_1_9_1,18
bx84rlf3HTFHDI9S.mp3,0,0,9,1,0_0_9_1,-1
c21EAvR1iVipPT5j.mp3,0,0,7,0,0_0_7_0,34
cAECVVebYZnZQTlQ.mp3,1,0,5,1,1_0_5_1,21
cB3Ybft1Cxd6krgf.mp3,1,0,9,1,1_0_9_1,5
cJtt3JLJ2WFlER6q.mp3,0,0,4,0,0_0_4_0,20
cOM8kpuHlHfQOyBb.mp3,0,1,4,0,0_1_4_0,17
cOTxqRZKNVtBCRJo.mp3,1,1,2,1,1_1_2_1,11
cghflyZrJKnPMYOE.mp3,0,0,5,1,0_0_5_1,-1
cl1PPrg89dOeeI9J.mp3,1,0,5,1,1_0_5_1,21
cuZSydISrGA402Gi.mp3,0,1,9,0,0_1_9_0,37
d6qaHPQUL2NMcPOT.mp3,1,0,4,0,1_0_4_0,16
dIdnwUZeZPUpgVyG.mp3,1,1,2,1,1_1_2_1,11
dRL79SVffcobeF92.mp3,1,0,9,0,1_0_9_0,12
dTDamPG0atZsOTQo.mp3,1,1,6,1,1_1_6_1,10
dWqF6CYXbx2jYusC.mp3,1,0,9,0,1_0_9_0,12
dY4ce1ZFHgaxCjWk.mp3,0,0,0,0,0_0_0_0,39
dYfxrXHZ2ihpeZvS.mp3,0,1,8,0,0_1_8_0,28
dinlDCDkCQ9Fv3ho.mp3,0,1,2,1,0_1_2_1,43
djhl23GQdC4BERvs.mp3,2,1,2,1,2_1_2_1,-1
djixtC9R1PempYsH.mp3,1,1,9,0,1_1_9_0,26
du8ExHdf8y53qfeS.mp3,0,0,3,0,0_0_3_0,4
e6h9I2fJXEW0AfDK.mp3,0,1,5,0,0_1_5_0,23
e79Ab2S4QYzDtjuO.mp3,1,0,8,1,1_0_8_1,22
e91A8DL3HS7giuWO.mp3,0,0,9,0,0_0_9_0,3
eGcOCtsxNqUQ52K9.mp3,0,0,5,0,0_0_5_0,15
eMzHNeuY01eLCJ0u.mp3,1,1,6,1,1_1_6_1,10
eNMcGHjWuJ8G4awO.mp3,1,1,4,1,1_1_4_1,8
eO8Y9fc2sRJRWMeP.mp3,0,0,9,0,0_0_9_0,3
eQ5dRWXYy8e2pKeV.mp3,0,0,8,0,0_0_8_0,32
eQawbaWpfWFKKJyB.mp3,0,0,4,0,0_0_4_0,20
eRRvKFj0Nc4AwGuf.mp3,0,1,9,0,0_1_9_0,37
eVjb88sRWSVsK2sU.mp3,1,1,0,1,1_1_0_1,9
eYKjrqHXbD6eCSMP.mp3,1,1,1,1,1_1_1_1,0
emJNaBns0WKvqCRe.mp3,0,1,8,0,0_1_8_0,28
ezDice9ddK0f2bzl.mp3,1,1,1,1,1_1_1_1,0
f1gD2ou1v3v4J3xc.mp3,0,1,3,0,0_1_3_0,24
fGT76XbusmhrRDwB.mp3,1,1,9,1,1_1_9_1,18
fHD2cnQAqmblsPrX.mp3,0,0,6,0,0_0_6_0,38
fKZF6xI2Np2l5BQ4.mp3,1,1,2,1,1_1_2_1,11
fNrYFPsdrKPlPRIp.mp3,0,1,2,1,0_1_2_1,43
fPTRTrP7VOtIRLGt.mp3,0,1,5,0,0_1_5_0,23
fRG5c9LAEpvTMEKN.mp3,1,0,9,1,1_0_9_1,5
fVmzk2fNNoEro5Kg.mp3,1,1,7,1,1_1_7_1,1
fWYHDbscuIQFXTdz.mp3,1,1,5,1,1_1_5_1,31
fXE4ifDLbuNS0id8.mp3,0,1,5,0,0_1_5_0,23
g8MqHdw0YQ7zpxxn.mp3,1,1,9,1,1_1_9_1,18
gAhCnitOXZLl8J23.mp3,1,1,7,1,1_1_7_1,1
gEY1syD3iPDBShlU.mp3,0,0,3,0,0_0_3_0,4
gFdaGDAFkylEaGKs.mp3,2,1,0,1,2_1_0_1,-1
gJapP8Zjs9GWKA8l.mp3,0,0,9,0,0_0_9_0,3
gN4JUqdVqqVKlY9M.mp3,0,0,7,0,0_0_7_0,34
gXAfymoiFFsCqSEd.mp3,1,1,9,1,1_1_9_1,18
gdx11l7Hohbf8gFm.mp3,1,1,5,1,1_1_5_1,31
gevksv98mqm9HtiI.mp3,0,0,6,0,0_0_6_0,38
giW9Q3mD0a0zFJmv.mp3,0,0,5,0,0_0_5_0,15
gjfsUahwvBtuDa9T.mp3,1,1,5,1,1_1_5_1,31
gmFBqh7nAv05B4zE.mp3,1,0,4,0,1_0_4_0,16
gnMjpAFArvDKMH2P.mp3,1,0,1,1,1_0_1_1,30
gnWqxI7RAHTycEjV.mp3,1,0,2,1,1_0_2_1,36
gu7B8pYC0E9GHMMh.mp3,1,1,6,1,1_1_6_1,10
h1TWeQED8rs1Q1LG.mp3,0,0,5,0,0_0_5_0,15
hDn8NQfZsLjyCQTm.mp3,1,1,9,0,1_1_9_0,26
hDw5BaauuicXr8p7.mp3,1,1,4,1,1_1_4_1,8
hHkOjXysflqA60mK.mp3,1,1,2,1,1_1_2_1,11
hNHnwSPwxp8Z7IY3.mp3,1,1,4,1,1_1_4_1,8
hVrZndI1OzjVYA1O.mp3,1,1,9,1,1_1_9_1,18
hlNu3eaJHofZvwU0.mp3,1,1,7,1,1_1_7_1,1
hlVW2W9p0wF8iCku.mp3,1,1,0,1,1_1_0_1,9
hlXjzMEKTvozulON.mp3,0,1,9,0,0_1_9_0,37
hrerfKrmMJF3A2r0.mp3,0,0,3,0,0_0_3_0,4
hsQhkSSxsusT7gsG.mp3,0,0,9,0,0_0_9_0,3
i1T1UriUrPYa5TsQ.mp3,1,1,2,1,1_1_2_1,11
i87WnfmeIHgDwlMR.mp3,1,1,1,1,1_1_1_1,0
iCIFX4qzNK0OhIyX.mp3,0,1,4,0,0_1_4_0,17
iHTG4zqfzSwY5q0o.mp3,1,1,2,1,1_1_2_1,11
iJl6KtLN2RLKNxri.mp3,1,1,6,1,1_1_6_1,10
iU2ozBmOTnR4hl69.mp3,1,0,1,0,1_0_1_0,-1
iYrDEjFIZ5cCtb5n.mp3,1,1,1,0,1_1_1_0,-1
iZClPseRsdma84On.mp3,0,1,7,0,0_1_7_0,33
ih82LviL1YQuBKb4.mp3,1,1,5,1,1_1_5_1,31
iizCPbXKG3oNqkAW.mp3,1,1,9,1,1_1_9_1,18
ilTjtDlAnSIdpBN7.mp3,0,1,5,0,0_1_5_0,23
iorxGc2Tv6av6wk3.mp3,1,1,5,1,1_1_5_1,31
j4q1CavqT9wIjNaA.mp3,0,1,4,1,0_1_4_1,-1
jK4TvBjH3tzw24Lb.mp3,1,1,4,0,1_1_4_0,13
jKvrljBithzJSEeq.mp3,1,1,4,1,1_1_4_1,8
jMuNdVA9QidYEIgy.mp3,1,1,0,1,1_1_0_1,9
jOOuARb5VCuLvzO1.mp3,1,0,2,1,1_0_2_1,36
jQgIrV8VRujPn6IC.mp3,0,0,9,0,0_0_9_0,3
jTudHXI5vStGG1Yk.mp3,1,0,9,1,1_0_9_1,5
jZUysHzmEEomF5Cz.mp3,1,0,9,1,1_0_9_1,5
jd6zPsBL4Pmje2Wg.mp3,0,1,5,0,0_1_5_0,23
jpD9HKUZbWKIeEKr.mp3,1,0,4,0,1_0_4_0,16
jrBcy5byqemxYvjT.mp3,0,0,7,0,0_0_7_0,34
jzmBnD45qz6o4Yzu.mp3,1,1,5,0,1_1_5_0,45
k4RqKfTHS5oKH8xy.mp3,0,1,6,0,0_1_6_0,25
kHwuQ9BWiK9o3xW1.mp3,1,1,9,1,1_1_9_1,18
kICEDeVqC4M0iB75.mp3,0,1,8,0,0_1_8_0,28
kQ6gfjlYSsbY6vdx.mp3,0,0,4,0,0_0_4_0,20
kToFVWb1BBNHqyMx.mp3,1,1,0,1,1_1_0_1,9
kXZM1kip6Bn3IbIm.mp3,0,0,9,0,0_0_9_0,3
kY9RyJ8RusA2VrTB.mp3,1,1,4,1,1_1_4_1,8
kcaMH9JrE1WXYotC.mp3,1,1,0,1,1_1_0_1,9
kiDyY4oNj5HEHwQj.mp3,0,0,9,0,0_0_9_0,3
kjsyqyughOif9vlr.mp3,0,0,4,0,0_0_4_0,20
kkxixwPNQpsh3FGs.mp3,0,0,3,0,0_0_3_0,4
kpPyRSxdYLeKkNIp.mp3,1,0,5,0,1_0_5_0,29
kqpqgu903t03Z2z4.mp3,0,1,8,0,0_1_8_0,28
kw2VcChXKQAyoSO4.mp3,0,0,7,0,0_0_7_0,34
kyMQsTBasOqbh7mg.mp3,0,0,3,0,0_0_3_0,4
kzlhnbJseDMCYjDn.mp3,1,0,9,0,1_0_9_0,12
kzm9LdoSuYnsfSR1.mp3,1,1,7,0,1_1_7_0,-1
l05MaeKgw6wjJxLs.mp3,1,1,5,0,1_1_5_0,45
l8oQyUD6SlY37CwY.mp3,0,0,4,0,0_0_4_0,20
lAtpxnHTacm8yGbi.mp3,1,1,2,1,1_1_2_1,11
lFmbVtPU7eiWIEUy.mp3,1,1,1,0,1_1_1_0,-1
lInCU8yvpA4GF3yP.mp3,0,0,0,0,0_0_0_0,39
lQ1RHZLiYMTuIwkL.mp3,1,1,9,1,1_1_9_1,18
lQUJvukizipWC574.mp3,1,1,5,1,1_1_5_1,31
lQm9QikwVMPdJbxB.mp3,1,0,9,0,1_0_9_0,12
ldue2k1eVOVofdlO.mp3,1,1,0,1,1_1_0_1,9
lht9TQ0LijotBZlp.mp3,0,1,9,0,0_1_9_0,37
lj4KoY5A6dVHO3ZO.mp3,1,1,5,1,1_1_5_1,31
lmGILBf2jiaUnkBF.mp3,0,1,9,0,0_1_9_0,37
m1KFEYAgrqVtkdP5.mp3,0,0,2,0,0_0_2_0,2
m1qcq0DpWBMdEqui.mp3,0,0,3,0,0_0_3_0,4
m2fpeXBlh4miGIwt.mp3,0,0,7,0,0_0_7_0,34
m3RSnKTVOfhBQe1z.mp3,1,1,4,1,1_1_4_1,8
m4YWlNGXTa8Wwjp7.mp3,0,1,7,0,0_1_7_0,33
m4lxv4JP9XXcd6Db.mp3,1,0,5,1,1_0_5_1,21
m6UN694A9IvntbWw.mp3,1,0,1,1,1_0_1_1,30
m7Ygz8vXmo3iXPUz.mp3,0,1,1,1,0_1_1_1,-1
m8IPDwwQaeoLS6h1.mp3,0,0,4,0,0_0_4_0,20
m940RhPDg9WOyQuG.mp3,1,1,5,1,1_1_5_1,31
mAvZgCKzHxDsyVro.mp3,0,0,3,0,0_0_3_0,4
mGBGkC8gR7j97MzD.mp3,1,0,9,1,1_0_9_1,5
mInJrG91UI2ynS3w.mp3,1,1,2,1,1_1_2_1,11
mKPg3PBBybhg5u7d.mp3,0,0,5,0,0_0_5_0,15
mLI2uIS7oBPWVsRg.mp3,1,1,7,0,1_1_7_0,-1
mQqP5kDQebF1OgvT.mp3,1,1,9,1,1_1_9_1,18
mShEGKEViYOb0rMj.mp3,1,1,4,1,1_1_4_1,8
mTrUxHgS9FfJ8qGr.mp3,0,1,4,0,0_1_4_0,17
mYai3OpyQmf7fum7.mp3,1,1,8,1,1_1_8_1,27
maIiNMcgeAD5JzNn.mp3,0,1,5,1,0_1_5_1,-1
mbGpdMW3pGfwYXRW.mp3,1,1,1,1,1_1_1_1,0
mdfB4UBZJkYZVtB8.mp3,1,1,4,1,1_1_4_1,8
mwYLgst3uNpxyZzr.mp3,0,1,6,0,0_1_6_0,25
mxqH5fx9gmWel3gB.mp3,1,1,4,1,1_1_4_1,8
n1tnSfg3WWlTtzXH.mp3,1,1,0,1,1_1_0_1,9
n3NV2N2OYpvfJ5PD.mp3,1,0,2,1,1_0_2_1,36
nH7HRifpQAmla8nY.mp3,1,0,9,0,1_0_9_0,12
nOh5T6IJnasOeyLH.mp3,1,1,9,1,1_1_9_1,18
nRJQ8ZMH1468dgAI.mp3,1,1,1,1,1_1_1_1,0
nVMbMKYtoTHXCJCq.mp3,0,0,2,0,0_0_2_0,2
nWot7vhcDYGtaLtp.mp3,0,0,8,0,0_0_8_0,32
nYBmAsB4cxp59PpH.mp3,0,1,5,0,0_1_5_0,23
nacbTYy5gM9F6fFO.mp3,1,1,5,1,1_1_5_1,31
nckqZ1CNENkznXY4.mp3,1,0,1,1,1_0_1_1,30
ndp9Mw9v9U3X4hLs.mp3,0,1,0,0,0_1_0_0,42
necVyzUh94kRL7CU.mp3,1,1,2,1,1_1_2_1,11
nicWwBjhvZ0RITDW.mp3,1,1,4,1,1_1_4_1,8
nmJ3yf3PnEu21WoW.mp3,1,1,7,1,1_1_7_1,1
nruMTq54JxsVGHUw.mp3,0,1,5,0,0_1_5_0,23
ntNA43Rt0TXXl1H1.mp3,1,1,4,1,1_1_4_1,8
oDSG1I7zeZerVfwA.mp3,0,0,7,0,0_0_7_0,34
oDzD9bURQbnZQp0m.mp3,0,0,7,0,0_0_7_0,34
oL2UxK15wPEU1M7Y.mp3,0,1,4,0,0_1_4_0,17
oNHpJCsGPDzKWYQB.mp3,0,1,4,0,0_1_4_0,17
oNKgALLx45il5LSD.mp3,0,1,2,0,0_1_2_0,41
od7kcktVIBcH3iPE.mp3,0,0,2,0,0_0_2_0,2
of0yggvJtbK6EDLV.mp3,0,1,5,0,0_1_5_0,23
ofWrYNHniuQhsTc1.mp3,1,1,1,1,1_1_1_1,0
ofposGxlMvW2l448.mp3,1,1,8,1,1_1_8_1,27
onu1ncT91AWXXJiF.mp3,0,0,3,0,0_0_3_0,4
oqc4hyPtg6mwapwt.mp3,0,0,7,0,0_0_7_0,34
oqvBkHChHfCNmAAa.mp3,1,1,1,1,1_1_1_1,0
otxEoLYYiZCHQY69.mp3,1,1,7,1,1_1_7_1,1
ouXmuPZEdQ5g72aZ.mp3,1,1,4,1,1_1_4_1,8
p1QdmMtAV0AO7lzT.mp3,0,0,3,0,0_0_3_0,4
p1ouyOzRk7EFEpnK.mp3,0,0,3,0,0_0_3_0,4
p3EYeyGMFJUVCUDG.mp3,0,1,7,0,0_1_7_0,33
p4dOTGBjTexjgFxv.mp3,1,1,5,1,1_1_5_1,31
p6tB4qv1MWn2j27J.mp3,1,1,9,0,1_1_9_0,26
pF1X7Y7eESwmhSQL.mp3,1,0,2,0,1_0_2_0,35
pKKWSRBGCXy9RWw2.mp3,1,0,2,1,1_0_2_1,36
pPUhF3Sf5YuljQxb.mp3,0,0,7,0,0_0_7_0,34
pQfTIHmVYxPDrMx3.mp3,1,1,8,1,1_1_8_1,27
pUOJqdTzusX1OnPZ.mp3,1,0,6,1,1_0_6_1,7
pVidfQyCntTCkBph.mp3,0,0,5,0,0_0_5_0,15
pYMmaH1WELKGBrHE.mp3,0,0,3,0,0_0_3_0,4
pdVwrdTjEJK625ST.mp3,1,1,0,1,1_1_0_1,9
pfNCBiuoIxUbwjGJ.mp3,0,0,6,0,0_0_6_0,38
pgrAFnijjxOCyjyi.mp3,1,1,6,1,1_1_6_1,10
phkzzBUvvpNKSrAK.mp3,0,1,0,0,0_1_0_0,42
pimD3R6PdlVduyxU.mp3,1,1,6,1,1_1_6_1,10
pk9laqqFqW10uGle.mp3,1,0,7,0,1_0_7_0,44
pqVQnPEEtdkCBf08.mp3,1,0,6,1,1_0_6_1,7
psLdvZ9AUPJqxwrF.mp3,1,1,8,1,1_1_8_1,27
puU1ozIPpYUgJvk0.mp3,0,0,2,0,0_0_2_0,2
pw2sId0gYTS1kWvr.mp3,1,1,2,1,1_1_2_1,11
q13VBuKgf2AViI0N.mp3,1,1,8,1,1_1_8_1,27
q1UGU2Z3PmfFnyRg.mp3,1,1,0,1,1_1_0_1,9
qAfjGjy9T8auYhgh.mp3,0,0,7,0,0_0_7_0,34
qAoQssEPycUJUW0q.mp3,0,0,5,0,0_0_5_0,15
qB4jLiKKkQqp0yu5.mp3,2,1,6,1,2_1_6_1,-1
qBHAEmcYwTX5tZQ6.mp3,1,0,9,0,1_0_9_0,12
qCqFsZC6fBPEj0aZ.mp3,0,0,5,0,0_0_5_0,15
qDh4xLO206lKIV5c.mp3,1,1,2,1,1_1_2_1,11
qIjniLgRvVFmDaNE.mp3,0,0,9,0,0_0_9_0,3
qVGTcNk0eBwZwc8r.mp3,0,0,6,0,0_0_6_0,38
qa0uBpE5QmBMoI04.mp3,0,0,9,0,0_0_9_0,3
qalijj7FrACTtqUb.mp3,0,1,9,0,0_1_9_0,37
qiJGvCVgSqRp9dsu.mp3,0,0,8,0,0_0_8_0,32
qopqwJNFk59JIfAz.mp3,1,0,9,0,1_0_9_0,12
quAlAddRKz8tnW74.mp3,1,1,4,1,1_1_4_1,8
r1Ddy2wqJjUCFsXe.mp3,0,0,5,0,0_0_5_0,15
r70oXhf2NYHDjXkU.mp3,0,1,0,0,0_1_0_0,42
r9fCVQwHrqC41DEb.mp3,1,1,5,1,1_1_5_1,31
rBOlDJtunXXglCIU.mp3,1,0,9,1,1_0_9_1,5
rCdVeAsmgo3JjIoE.mp3,1,1,9,1,1_1_9_1,18
rFYJ3fz6T5ES2mYg.mp3,0,0,9,0,0_0_9_0,3
rLf3KNB7HTvUxCTL.mp3,1,1,5,0,1_1_5_0,45
rYd5tghuEi1SC64x.mp3,1,1,2,1,1_1_2_1,11
rak5NoU6uxh356S0.mp3,0,0,2,0,0_0_2_0,2
reRkShCIVPkZNwke.mp3,1,1,9,1,1_1_9_1,18
rfDLkLFt8hEVdMKD.mp3,0,0,5,0,0_0_5_0,15
rj1pjaXt0GulpeBH.mp3,1,0,6,0,1_0_6_0,19
rl5vBeLlyL1jfkKV.mp3,1,1,1,1,1_1_1_1,0
rnvS3EFaRXY6iLQo.mp3,0,1,4,0,0_1_4_0,17
rr2Ey1klDKvw8iDe.mp3,1,1,9,1,1_1_9_1,18
rxeviVC8ExNzYSgq.mp3,1,1,2,1,1_1_2_1,11
s5EzGuoCbtSkLOZM.mp3,1,0,1,0,1_0_1_0,-1
sC0IwqNcgmtA3zt0.mp3,0,0,5,0,0_0_5_0,15
sEYweZaTwAvsL5a3.mp3,1,1,9,1,1_1_9_1,18
sJQoY6AEQp44Ou1f.mp3,0,0,3,0,0_0_3_0,4
sKQFB0lRSRFLfkoE.mp3,0,1,2,1,0_1_2_1,43
sO0GIjS0L9fpxuHF.mp3,0,0,8,0,0_0_8_0,32
sQ2T6XZVQdYMUL7P.mp3,1,1,9,1,1_1_9_1,18
sURcVNxfnXClHBV9.mp3,0,0,8,0,0_0_8_0,32
sYlfqqCeLFH35APT.mp3,1,1,8,1,1_1_8_1,27
shYMZ5kTmmZz48gF.mp3,1,0,5,1,1_0_5_1,21
sl2BArDa9Fd7f2CF.mp3,1,0,9,1,1_0_9_1,5
solFPbck2sEK9HOy.mp3,1,0,9,1,1_0_9_1,5
sr6rvnsQs1aCVK68.mp3,1,0,2,1,1_0_2_1,36
ssSOM9nfSsLYLtH0.mp3,1,1,6,1,1_1_6_1,10
sxtbXtbIF5pSlH8K.mp3,0,1,7,0,0_1_7_0,33
t9pWkeWbPhKCid9W.mp3,1,1,4,1,1_1_4_1,8
tBVx1nfVjkqfVZuP.mp3,1,1,4,0,1_1_4_0,13
tBrjAsritRWOTQgC.mp3,1,0,4,0,1_0_4_0,16
tM3N02Vk08kQTj8a.mp3,0,0,4,0,0_0_4_0,20
tNbZLq17CHPW5oFp.mp3,1,0,6,0,1_0_6_0,19
tPRs02dtjC8USfpM.mp3,0,1,4,0,0_1_4_0,17
tUgOCjZZD3d8FeyA.mp3,1,1,9,0,1_1_9_0,26
tWC0mBaTlWPHvv1t.mp3,0,0,3,0,0_0_3_0,4
tfx363AR45EMAkRH.mp3,1,0,4,0,1_0_4_0,16
tio8fLwPezu0joNq.mp3,1,1,9,1,1_1_9_1,18
tjAhtY1idbu1Sfl5.mp3,0,0,5,0,0_0_5_0,15
tlOsb1R2CHTbyPSp.mp3,1,1,4,1,1_1_4_1,8
tmsRaK7nxkYvIfUq.mp3,1,1,5,1,1_1_5_1,31
tzZ2UrtSUsqT0IIk.mp3,1,1,9,1,1_1_9_1,18
u8Fm97y82ywH4dmR.mp3,0,1,6,0,0_1_6_0,25
uD50MvTimH10vQl9.mp3,1,1,6,1,1_1_6_1,10
uRB7N0PizvDC4ywN.mp3,0,1,9,0,0_1_9_0,37
uX7W4pgeP2bbbC43.mp3,0,0,4,0,0_0_4_0,20
uYnep7ezd8uS4AmE.mp3,0,1,2,0,0_1_2_0,41
ub4Q0TcCt2ktwGmf.mp3,1,1,7,0,1_1_7_0,-1
uf2T8wb12Ocqgnja.mp3,1,1,8,1,1_1_8_1,27
urjoQebAwm2BzLqz.mp3,1,1,6,1,1_1_6_1,10
usYNjZ2EmULiTH7x.mp3,0,1,4,0,0_1_4_0,17
v1QtmgMm1Zhe3crW.mp3,1,0,9,0,1_0_9_0,12
v1cMVOSDwx72rsqy.mp3,1,1,4,1,1_1_4_1,8
v2GASFObLJluadVL.mp3,0,0,5,0,0_0_5_0,15
v3MfU67L2fUxnRvA.mp3,1,0,5,1,1_0_5_1,21
v3q3hNptyHaUHano.mp3,1,1,8,1,1_1_8_1,27
vA40YEOjc5FTGWcW.mp3,1,1,4,1,1_1_4_1,8
vAsTthSygS3kBH8o.mp3,1,1,4,1,1_1_4_1,8
vIFDXydyzLrTeCmg.mp3,1,1,5,1,1_1_5_1,31
vKcn4YVoBAKliLa7.mp3,0,0,6,0,0_0_6_0,38
vPswfDtnyLLYrEyR.mp3,0,0,5,0,0_0_5_0,15
vQjHQRr89SPcMbkV.mp3,0,0,9,0,0_0_9_0,3
vdg0RnQMfHDd7OGs.mp3,1,0,6,0,1_0_6_0,19
vdoUvpdwJ3Mwf3gF.mp3,0,1,6,0,0_1_6_0,25
vfx9IwpaFkl2Jq6S.mp3,1,1,1,1,1_1_1_1,0
vgaChPLiIl6uF5E8.mp3,0,0,7,0,0_0_7_0,34
vjxnK5WWiuZ8cRZ2.mp3,1,1,9,1,1_1_9_1,18
vnEajdGjkgG3s3oC.mp3,1,1,4,1,1_1_4_1,8
vqMO9JZVn6NFxldV.mp3,0,0,3,0,0_0_3_0,4
vsDQG0cqtpYvEpAk.mp3,1,1,1,0,1_1_1_0,-1
w3Sgu0UD0WnXxfNB.mp3,1,0,9,1,1_0_9_1,5
w6AFBhbycrhiqI7T.mp3,1,1,9,1,1_1_9_1,18
w6GN9nUvjemBlq8y.mp3,1,0,8,0,1_0_8_0,-1
w7Uxypos2Sy6yZiv.mp3,1,0,4,1,1_0_4_1,6
w7W9FaSU8MUcjkwp.mp3,1,0,9,1,1_0_9_1,5
w8ofK0XNbiDe7FAh.mp3,2,1,4,1,2_1_4_1,-1
wDGNxY33wVBqikW2.mp3,1,0,2,1,1_0_2_1,36
wRTWVzuARg8PbQrp.mp3,0,1,9,0,0_1_9_0,37
wYlIlT5FY6XQp2Vo.mp3,1,0,7,1,1_0_7_1,40
wYlvTTYrB2n4fLkD.mp3,0,0,2,0,0_0_2_0,2
wcpHYQZcWNPAltLN.mp3,0,0,7,0,0_0_7_0,34
wnHQdivyjUv1Z78z.mp3,1,1,4,1,1_1_4_1,8
wwpYFMqT0Vw8hANo.mp3,1,0,2,1,1_0_2_1,36
wzuYzk4MMHKelH4r.mp3,1,1,2,1,1_1_2_1,11
x1u3we8CUPrE6jqQ.mp3,1,1,4,1,1_1_4_1,8
xIF8JFdV61nzGYsb.mp3,1,1,7,1,1_1_7_1,1
xYz264eB5E0bQiq2.mp3,1,1,9,1,1_1_9_1,18
xcWzaB9rYlUjDH5X.mp3,1,1,5,1,1_1_5_1,31
xeetA3GDdlLUYOG0.mp3,1,1,2,0,1_1_2_0,-1
xeuqdL3dNeZCSH46.mp3,0,1,4,0,0_1_4_0,17
xi9cX1c9H8SCVQid.mp3,0,0,0,0,0_0_0_0,39
xiTyf8gVM8tYnzZb.mp3,1,1,8,1,1_1_8_1,27
xiZ9GSRF6P5RTPt2.mp3,1,1,4,1,1_1_4_1,8
xtCaOOn40VoNpCra.mp3,0,1,8,0,0_1_8_0,28
xtFgodgP93WOpsGh.mp3,0,0,5,0,0_0_5_0,15
y7XZgZv7hqfhBqr6.mp3,1,0,9,1,1_0_9_1,5
yCXz97Nqj5Eq56A9.mp3,1,1,2,1,1_1_2_1,11
yHF9FUjZmLExRMyP.mp3,1,0,9,0,1_0_9_0,12
yMdnm3GvX9vwbnfu.mp3,0,0,4,0,0_0_4_0,20
yUOEdXQZyCdpNVPK.mp3,1,1,4,1,1_1_4_1,8
yVVtbIaWHhTzsIFp.mp3,1,1,1,1,1_1_1_1,0
yXtLBwhJPJqXAJTn.mp3,1,0,5,0,1_0_5_0,29
yY3wA5gAC2EQQmEk.mp3,1,0,4,1,1_0_4_1,6
ybOSlwYJOkoCTDmM.mp3,0,0,7,0,0_0_7_0,34
yhrvFH4dmcSzaHN9.mp3,1,0,9,0,1_0_9_0,12
ykdqywJqqBVkiBOh.mp3,0,0,9,0,0_0_9_0,3
ypPu9zYjtzaUfCB5.mp3,1,1,7,1,1_1_7_1,1
yrcHStxnGjT6yLpp.mp3,1,1,0,1,1_1_0_1,9
yt6eKD19rJFaWF2m.mp3,0,0,8,0,0_0_8_0,32
z2slX8GI6gB9RQ5m.mp3,0,0,7,0,0_0_7_0,34
z5ZYqlSw14ILyRWa.mp3,0,0,4,0,0_0_4_0,20
z5vgpDwUBYmapghf.mp3,1,1,9,1,1_1_9_1,18
z9pAEzvHKcwTiyYN.mp3,0,0,8,0,0_0_8_0,32
zGBvrpqPI6iuxtND.mp3,1,1,4,1,1_1_4_1,8
zIjfdUYizWAKruc3.mp3,1,1,9,1,1_1_9_1,18
zKRpxmHeSu6Y1JdV.mp3,0,0,5,0,0_0_5_0,15
zKr9pHcm9oh69mmB.mp3,1,1,1,1,1_1_1_1,0
zMKAu5THBzhdkkET.mp3,0,0,3,0,0_0_3_0,4
zPleLKUyIjemHwoz.mp3,1,0,2,1,1_0_2_1,36
zU4hcQjWwh36CCBe.mp3,1,1,7,1,1_1_7_1,1
zXtqUQRMArU7B83p.mp3,1,1,4,1,1_1_4_1,8
zckn9A76i0KZbGMS.mp3,0,0,3,0,0_0_3_0,4
zeoWSNFUkaY3JDaO.mp3,2,1,1,1,2_1_1_1,-1
zf0kfTZfGCCLwUj4.mp3,0,0,5,0,0_0_5_0,15
ziNhSvVq4XJXTKUd.mp3,1,1,4,1,1_1_4_1,8
zivInX7ekMiZYhNY.mp3,1,0,2,1,1_0_2_1,36
zj8qFmeHE5EXp1AY.mp3,0,1,4,0,0_1_4_0,17
zoR1TaNS5iXnRWry.mp3,0,1,9,0,0_1_9_0,37
zszlNqCVFcF07kFX.mp3,1,1,0,1,1_1_0_1,9
zzoFYDMlqU1X2zz1.mp3,0,0,9,0,0_0_9_0,3
