id,cluster_id_Energy_and_Dynamics,cluster_id_Harmony,cluster_id_Rhythm,cluster_id_Timbre,cluster_fingerprint,DBSCAN_Cluster
03PbpZwYbPjAUBqB.mp3,1,1,1,0,1_1_1_0,0
06HvNTU9M9lnH71I.mp3,0,1,0,1,0_1_0_1,1
07JhtfVVlSifEGu6.mp3,1,1,0,0,1_1_0_0,2
0BOXhdc7gj5c6FO0.mp3,1,1,0,0,1_1_0_0,2
0EpKmvAtKRgZaLfK.mp3,1,0,0,1,1_0_0_1,3
0FDkablgTBYukNDg.mp3,0,0,0,0,0_0_0_0,4
0GzyFPRfm2cwXzHR.mp3,0,1,0,0,0_1_0_0,5
0QgrM6OrGLmgwyMO.mp3,0,0,0,1,0_0_0_1,6
0SI6oF0XlACvZdQT.mp3,0,0,0,1,0_0_0_1,6
0WMcjLENc3JlYAPw.mp3,1,0,0,1,1_0_0_1,3
0YUy5YHYSJMUeUlr.mp3,0,1,0,1,0_1_0_1,1
0b5EYkNDKomeztzL.mp3,0,1,1,0,0_1_1_0,7
0dn1oa1Ujisn0nCT.mp3,1,1,0,0,1_1_0_0,2
0dn6u1qHmbl3T2DB.mp3,0,0,0,1,0_0_0_1,6
0fl6cO2sOiQjRKyH.mp3,0,1,0,1,0_1_0_1,1
0qeLYkLmWtBolLbh.mp3,1,0,1,1,1_0_1_1,-1
0ylNFDWBjq7HoaRR.mp3,1,0,0,1,1_0_0_1,3
12J0SifUY3ZcE7dL.mp3,1,0,0,0,1_0_0_0,8
15tLvTjDxU197oBT.mp3,0,1,0,0,0_1_0_0,5
17z4NTAHHVech2oB.mp3,0,0,0,1,0_0_0_1,6
18pjuY7XYWysBPgj.mp3,1,1,1,0,1_1_1_0,0
18wXzAQFuYxsDFdN.mp3,1,0,0,0,1_0_0_0,8
19qh48VRL4dKYaq7.mp3,1,1,1,0,1_1_1_0,0
1AJauhPSMOv6LAK4.mp3,1,1,0,1,1_1_0_1,9
1EhoPstBUguE4Btf.mp3,0,0,0,1,0_0_0_1,6
1FXovRkCtv0SIMgk.mp3,1,0,0,1,1_0_0_1,3
1JVL73hI02AYNFkA.mp3,1,1,1,0,1_1_1_0,0
1LGsQji1CXzFFbq2.mp3,0,0,0,1,0_0_0_1,6
1NsowJzjR0ePMYfC.mp3,0,1,0,1,0_1_0_1,1
1Rt6nEc20mcLigSf.mp3,1,1,0,0,1_1_0_0,2
1Z7Pb158yANCZ7zN.mp3,0,0,0,1,0_0_0_1,6
1bEUzkQ4I5IU3x31.mp3,1,1,1,0,1_1_1_0,0
1fHfCLawIKdmLv5Z.mp3,1,1,0,0,1_1_0_0,2
1gYRBnLupktoxzAQ.mp3,1,1,0,0,1_1_0_0,2
1lgjXomBlqPgj2c8.mp3,1,1,0,0,1_1_0_0,2
1nSrGnJs0OYiWzMz.mp3,1,1,0,1,1_1_0_1,9
1noAExI3T8zLfKrU.mp3,1,1,0,0,1_1_0_0,2
1rkpet5yOhHm4vUd.mp3,1,1,0,0,1_1_0_0,2
1sDFMJd4sDRef4bp.mp3,1,1,0,0,1_1_0_0,2
1shnotxlCl1jutxH.mp3,1,1,0,0,1_1_0_0,2
1yD7beXgdNjMQCsJ.mp3,1,0,0,1,1_0_0_1,3
21K5EFMrJPEIsqZh.mp3,1,1,0,0,1_1_0_0,2
2EYdhsHUYOHKZacU.mp3,1,0,0,0,1_0_0_0,8
2FoUuK7MdJq0sIb0.mp3,0,0,0,1,0_0_0_1,6
2HZ79GBpXptEy0tI.mp3,0,1,1,0,0_1_1_0,7
2JAHkQ4zrPX3YdXt.mp3,1,1,0,0,1_1_0_0,2
2NDwgdInNq65v2tQ.mp3,0,0,0,1,0_0_0_1,6
2QHO8diPG9GI8cLF.mp3,0,0,0,1,0_0_0_1,6
2Z8ZiaQ3G2jsICeh.mp3,1,1,0,1,1_1_0_1,9
2boRH5RWAs8cobRA.mp3,0,1,0,0,0_1_0_0,5
2edMrcqsq95Y2yrJ.mp3,1,0,0,1,1_0_0_1,3
2h5QyDLgYZwpDhpg.mp3,0,1,0,1,0_1_0_1,1
2kRzSvGL9U5ZMpvD.mp3,1,0,0,0,1_0_0_0,8
2lPhUIifeTbJEJuu.mp3,1,1,0,0,1_1_0_0,2
2v0z5ajHC4i1vEEu.mp3,0,1,0,1,0_1_0_1,1
2vPlN1NlCTH2L7YZ.mp3,1,1,1,0,1_1_1_0,0
2zc3vULL5yUyH1kX.mp3,1,1,0,1,1_1_0_1,9
330KRBMGlQORy62Z.mp3,0,0,0,1,0_0_0_1,6
350J7ZEpocP0UT6D.mp3,0,0,0,0,0_0_0_0,4
38KlbPwQxhziC9q1.mp3,1,1,0,0,1_1_0_0,2
38sjCbWu7wEDskOB.mp3,0,1,0,1,0_1_0_1,1
393YyCL4dOzjeDXO.mp3,1,1,0,0,1_1_0_0,2
3A8qUoLnRJZpaCye.mp3,0,0,0,1,0_0_0_1,6
3FsnGzrD9FvvUsxm.mp3,0,1,0,0,0_1_0_0,5
3Ga78DEHHpJbcHyl.mp3,0,1,1,0,0_1_1_0,7
3HKSsk3OGF0jttK5.mp3,2,1,0,0,2_1_0_0,-1
3MEb9LZbB80nQ1a8.mp3,0,0,0,0,0_0_0_0,4
3Nvgqb7Zr6oNe0lv.mp3,1,0,0,0,1_0_0_0,8
3Pd7a57kQMikU0gQ.mp3,0,0,0,1,0_0_0_1,6
3WfncosyPdVtcRvq.mp3,1,0,0,0,1_0_0_0,8
3acD8cv7zhxlthnv.mp3,2,0,1,0,2_0_1_0,-1
3d2ZmFEalIXyyIQY.mp3,1,0,0,0,1_0_0_0,8
3difuKKxk7SMLenN.mp3,0,1,1,1,0_1_1_1,10
3fB5PnHVTSjPFspn.mp3,1,0,0,0,1_0_0_0,8
3hfqa76IVTUMA5WS.mp3,0,0,1,1,0_0_1_1,11
3ihcGEww3Uc0cUDc.mp3,1,1,0,0,1_1_0_0,2
3pi5n1NmZfkF09dI.mp3,1,0,0,1,1_0_0_1,3
3qnBFj3lHr9VIMZr.mp3,0,1,0,1,0_1_0_1,1
3qrpL2zETF7OPMub.mp3,1,1,0,0,1_1_0_0,2
3yBuK5zDxlyIqWS0.mp3,1,1,1,0,1_1_1_0,0
3yfh1KgS5XYmjQE9.mp3,0,0,0,1,0_0_0_1,6
40GPyqz0UbaBpHlm.mp3,0,0,0,1,0_0_0_1,6
45V6W7RaVZntv3a5.mp3,1,0,0,1,1_0_0_1,3
48mxqBW7ebNE2WuE.mp3,1,1,0,1,1_1_0_1,9
4DMrJDFiI7zMRkFt.mp3,0,1,0,1,0_1_0_1,1
4GP3SwSiIIn9kgTj.mp3,1,1,1,0,1_1_1_0,0
4MrbAK6XvN5aGr6o.mp3,0,1,0,0,0_1_0_0,5
4cQyexcgUgpWBKcN.mp3,0,0,0,0,0_0_0_0,4
4cyuCWd4UniQ3x2T.mp3,1,1,0,0,1_1_0_0,2
4i74pngMlhKc29Yp.mp3,0,0,1,1,0_0_1_1,11
4jvn78LuyubeEIyj.mp3,1,1,1,0,1_1_1_0,0
4lIq4LWxAuKhjwbw.mp3,0,0,0,1,0_0_0_1,6
4ns4PlyQ0LsYn4D5.mp3,0,0,0,1,0_0_0_1,6
4rzhop9XqNmuDUzK.mp3,1,1,1,0,1_1_1_0,0
4vtyF27TVHW3r2EK.mp3,1,0,0,0,1_0_0_0,8
4yBc5bF6kK7IN4oZ.mp3,1,1,0,0,1_1_0_0,2
4yJz95ot4OFbIRNa.mp3,1,1,0,0,1_1_0_0,2
4yy7tDgrJX7yZAw5.mp3,1,0,0,0,1_0_0_0,8
4zOF93S2zfaD5h1a.mp3,1,0,0,0,1_0_0_0,8
51nYEX9m0JEyuqF7.mp3,0,0,1,1,0_0_1_1,11
57ZNe8XJK3OChc2H.mp3,1,0,0,0,1_0_0_0,8
59wtfy0k71dBlKE1.mp3,0,0,0,1,0_0_0_1,6
5D6rdHdBqoHLSekM.mp3,0,0,0,0,0_0_0_0,4
5Eb5WZvgW2OY1MM8.mp3,0,0,0,1,0_0_0_1,6
5MFL5Vi76YKJahNr.mp3,1,1,0,0,1_1_0_0,2
5OXi1sZTg1MfbXdy.mp3,1,1,0,0,1_1_0_0,2
5Oeu5PJoRCDKeeRr.mp3,0,1,0,0,0_1_0_0,5
5X62du6kqeQ09VLP.mp3,0,0,0,1,0_0_0_1,6
5Y0lOXpffflDWYpA.mp3,0,1,0,0,0_1_0_0,5
5bVqP2AsQwwTBO1v.mp3,1,1,0,0,1_1_0_0,2
5dDcdJt07q8BObYg.mp3,1,1,1,0,1_1_1_0,0
5uLNEm7GuHHCsoQN.mp3,0,1,1,0,0_1_1_0,7
5yoJWMM2jiMsFha0.mp3,0,0,0,0,0_0_0_0,4
60OSb9vno2104Lbw.mp3,0,0,0,1,0_0_0_1,6
6327rtdJcKr4bPUw.mp3,0,0,1,1,0_0_1_1,11
691eDgkMc6QXAk3p.mp3,0,0,0,0,0_0_0_0,4
69Tqt3pBF548rf64.mp3,0,0,0,0,0_0_0_0,4
6AU9tQMba3K8MtqP.mp3,1,1,0,0,1_1_0_0,2
6AvinU55WFRzoWA8.mp3,1,0,1,0,1_0_1_0,12
6CbNrikLE5WUDmWT.mp3,1,0,0,0,1_0_0_0,8
6GIm5uIHFTCjMSLF.mp3,1,1,0,0,1_1_0_0,2
6GkWIWpcM0FsbsEZ.mp3,0,0,0,1,0_0_0_1,6
6IjSRcx6DUDXkY9k.mp3,2,1,0,0,2_1_0_0,-1
6Lf6L2GMOBrZUTvJ.mp3,0,0,0,0,0_0_0_0,4
6NbawHhsdU7xo2wq.mp3,0,0,0,1,0_0_0_1,6
6RRQaEAOt1eN1qxP.mp3,0,0,0,1,0_0_0_1,6
6dgaiqrsTYKpSSm4.mp3,1,1,0,1,1_1_0_1,9
6i03to92SG0QWZj5.mp3,1,1,0,0,1_1_0_0,2
6jt5A19aBeyadyqD.mp3,1,0,0,0,1_0_0_0,8
6lCq9iNIl1HoLCaZ.mp3,1,0,0,0,1_0_0_0,8
6okfRc6ZOR3ffyy3.mp3,0,0,0,1,0_0_0_1,6
6r5umUmtmDmm0yMF.mp3,1,0,1,0,1_0_1_0,12
71OX3DoGIjaslcyV.mp3,1,1,0,1,1_1_0_1,9
76dQIMMefzWnYstp.mp3,1,0,0,0,1_0_0_0,8
7JIMHRbZsn73ObY4.mp3,1,1,1,0,1_1_1_0,0
7LdaSVlDRpODblt9.mp3,1,0,0,0,1_0_0_0,8
7MfGbFeJhO77dOqe.mp3,1,1,0,0,1_1_0_0,2
7TzsPdmMF9qou3pA.mp3,0,1,1,0,0_1_1_0,7
7UvrHg5ByZoFM4Sf.mp3,1,1,0,0,1_1_0_0,2
7UyghGyJiArsdn0T.mp3,1,0,0,0,1_0_0_0,8
7av2576enFL1qIFt.mp3,0,0,0,0,0_0_0_0,4
7ezHP2DadvG2wdnK.mp3,1,1,0,0,1_1_0_0,2
7gGzJ9jutc9T4McL.mp3,1,1,1,0,1_1_1_0,0
7j2PBo9VpyiRDJOo.mp3,0,1,0,0,0_1_0_0,5
7kdZs9EvsMdcIvim.mp3,1,1,0,0,1_1_0_0,2
7qhEttg0dxfveAEW.mp3,1,1,1,0,1_1_1_0,0
7ruMlW0pmKIk88Md.mp3,0,1,1,0,0_1_1_0,7
7sYSdemDvVb40Eh2.mp3,1,0,0,0,1_0_0_0,8
7svShZjTeensMmEH.mp3,1,1,0,0,1_1_0_0,2
7tLpHEiiZRE1i3Vt.mp3,0,1,1,0,0_1_1_0,7
7toEbaASv17IeZAW.mp3,1,1,0,0,1_1_0_0,2
7v6aup3JolVeeYag.mp3,1,1,0,0,1_1_0_0,2
7ygV1VCe0xQLsrIc.mp3,0,0,0,1,0_0_0_1,6
7yvCvmOg9icJ1QWQ.mp3,1,1,0,0,1_1_0_0,2
89m9K4zkcXUHp4r7.mp3,0,1,0,1,0_1_0_1,1
8HRrTZDa4MrcSy4U.mp3,0,0,0,1,0_0_0_1,6
8I7GXixWgvBf7upU.mp3,0,1,0,1,0_1_0_1,1
8SLkXu1k4wLbdTz6.mp3,1,1,0,0,1_1_0_0,2
8XqyApddPUp9hpYP.mp3,0,1,1,0,0_1_1_0,7
8fv17X9x1cuYSlHV.mp3,0,0,0,1,0_0_0_1,6
8mpawYN2M5b01XTC.mp3,1,1,0,0,1_1_0_0,2
8rCzU7kVpoJ0Z37D.mp3,1,0,0,0,1_0_0_0,8
8xTJL10UaSDyy9FD.mp3,0,0,0,1,0_0_0_1,6
8yv3MZxGg1KCAAiT.mp3,0,1,1,1,0_1_1_1,10
93gBbTfDqXI85mEl.mp3,0,1,1,0,0_1_1_0,7
9KA6P7Kx4raie8ve.mp3,1,1,0,0,1_1_0_0,2
9lJvZjUDRHYR4TSA.mp3,0,0,0,1,0_0_0_1,6
9lgUgpQZk7FnYhEe.mp3,0,0,0,1,0_0_0_1,6
9x14hj71BavjHnqC.mp3,0,1,1,0,0_1_1_0,7
A0vTco5Bbbhep2KJ.mp3,1,1,0,0,1_1_0_0,2
A0w99EPYJOZRbj1h.mp3,1,0,0,1,1_0_0_1,3
A69Lf5nZp8CuvEs7.mp3,1,1,1,0,1_1_1_0,0
AADl4Gbg8KVJ6ByQ.mp3,0,0,0,0,0_0_0_0,4
AHJbjIlp98gVY3Pj.mp3,0,0,0,1,0_0_0_1,6
ALrLi7zZwwWmPDl2.mp3,1,1,0,0,1_1_0_0,2
AMqwCh3mRIEmp8Sc.mp3,0,0,0,1,0_0_0_1,6
ARuvcIB9D44qZfhx.mp3,1,1,0,0,1_1_0_0,2
AV8exd33gKqQzt0p.mp3,0,0,0,0,0_0_0_0,4
AgO4MdZ6DWF6D1La.mp3,1,1,0,1,1_1_0_1,9
AiSQ3ri2oYDhIsGL.mp3,0,0,0,1,0_0_0_1,6
AnMrHRHmsEPn7bJg.mp3,1,1,1,0,1_1_1_0,0
Ap2jNYMNObvQLO34.mp3,0,0,0,1,0_0_0_1,6
AquGWQ6JjRuyImyg.mp3,1,1,0,0,1_1_0_0,2
AqvzMr2ukfalgVyn.mp3,0,0,0,1,0_0_0_1,6
Aqwfk71YtbwcXPuu.mp3,1,1,1,0,1_1_1_0,0
ArVbMhdVJjWTq8zL.mp3,0,1,0,0,0_1_0_0,5
AuVeu1NDwfkEOXKC.mp3,1,1,0,0,1_1_0_0,2
AyPh7oCmwfXixX7Y.mp3,0,1,0,1,0_1_0_1,1
BFrxYqZQH9GFZd4M.mp3,0,0,0,1,0_0_0_1,6
BMWXCkgo1r9Ulq1L.mp3,1,0,0,0,1_0_0_0,8
BPxaMM9purBH2v7b.mp3,1,1,1,0,1_1_1_0,0
BPyNHo6mJ1veffqd.mp3,1,1,0,0,1_1_0_0,2
BW5jxrRxUQO0azCv.mp3,1,1,0,0,1_1_0_0,2
BYe5LYdYIKDzf7rT.mp3,0,0,0,1,0_0_0_1,6
BeNPKFIBE8uu5vVr.mp3,1,1,0,0,1_1_0_0,2
BkKnNhOpjREoqM4H.mp3,1,1,0,0,1_1_0_0,2
Bry3kPAet1TE4Vdi.mp3,0,1,0,0,0_1_0_0,5
Bslsq4YxQsat3FBf.mp3,0,0,0,1,0_0_0_1,6
BtMqsXzovF8ErgnV.mp3,1,0,1,0,1_0_1_0,12
Bw8fh1mmHpfFqa2C.mp3,1,0,0,1,1_0_0_1,3
BxkyoPcUoRalcYaH.mp3,1,1,0,0,1_1_0_0,2
C2GcRg2Lq64RGSsO.mp3,1,0,0,1,1_0_0_1,3
C9AU5VqzKf3VhGyj.mp3,0,0,0,1,0_0_0_1,6
C9qaT4Tot7KVJR5c.mp3,0,0,0,1,0_0_0_1,6
CCP8zIK9PsURC8VV.mp3,1,0,0,0,1_0_0_0,8
CHKN1DEaMWYoNZXe.mp3,1,1,1,0,1_1_1_0,0
CJ3Q5sn622zHzfNb.mp3,1,1,0,0,1_1_0_0,2
CO0OXpTtEDDOKYhT.mp3,1,0,0,0,1_0_0_0,8
CSwFe9246mXICIBJ.mp3,1,0,0,1,1_0_0_1,3
CZgE6qZWTgosz0DS.mp3,0,0,0,0,0_0_0_0,4
CZzifWsCAXngbgYN.mp3,0,0,1,0,0_0_1_0,13
CfY18RtkO1nWmnGX.mp3,1,1,0,0,1_1_0_0,2
Cg40YSaZFWdHdy18.mp3,0,1,0,0,0_1_0_0,5
CivKEfOSGz7r8eO2.mp3,1,1,0,0,1_1_0_0,2
Cjss6W8NGlsjbMOE.mp3,0,0,0,1,0_0_0_1,6
Cp0Tqw7L3NaCdUSQ.mp3,1,1,0,0,1_1_0_0,2
CqYf9sRHFugI5WEi.mp3,1,1,0,0,1_1_0_0,2
CqsfUc1dRxyR0ezp.mp3,0,1,0,0,0_1_0_0,5
CuBG9pTASx3dinhc.mp3,1,0,0,1,1_0_0_1,3
CvrboVmSUUzbdxfo.mp3,1,0,0,0,1_0_0_0,8
D0DqIFrpDnX830eY.mp3,0,0,0,1,0_0_0_1,6
D5z0dWO50sLyTDWE.mp3,1,1,0,1,1_1_0_1,9
D6fkJpDr6KTNzDpL.mp3,0,0,0,1,0_0_0_1,6
D7ovh2OxvQikRDPl.mp3,0,1,1,1,0_1_1_1,10
D89mTNcG3pyfbX0b.mp3,1,1,0,0,1_1_0_0,2
DCYkvW76W61SrLHp.mp3,0,0,0,1,0_0_0_1,6
DELXHvRVeBEdMDIT.mp3,0,0,0,1,0_0_0_1,6
DOCRpwvccKd8pBnj.mp3,1,1,0,0,1_1_0_0,2
DdINyj1LUcNJrhoR.mp3,1,1,1,0,1_1_1_0,0
DqO2fLBqdVsERa1Z.mp3,0,1,0,0,0_1_0_0,5
DtJ79Ik4CEsdYiAn.mp3,0,0,0,1,0_0_0_1,6
DvPRF87XRofJ3JWJ.mp3,0,0,0,1,0_0_0_1,6
DxIFYezwwgEl7OS7.mp3,0,0,0,0,0_0_0_0,4
DzWDBar9R86wPKq1.mp3,1,0,0,0,1_0_0_0,8
E5UTcrzF8WgYi01U.mp3,1,0,0,0,1_0_0_0,8
EFBW0rpI8V3soWRc.mp3,1,1,0,0,1_1_0_0,2
EGONzf55PHnA4NWH.mp3,0,0,0,1,0_0_0_1,6
EONb83MwfcCb33A1.mp3,1,1,0,0,1_1_0_0,2
EOT8ga9JgDmNMmRI.mp3,1,1,1,0,1_1_1_0,0
EQ5hUaovyQMxOAVW.mp3,0,0,0,0,0_0_0_0,4
ER9Ow9wrbATNae1c.mp3,0,1,1,0,0_1_1_0,7
EUofgN1J6D3sLnGu.mp3,1,1,0,0,1_1_0_0,2
EdiA7MFVCN3RaIfW.mp3,1,1,0,0,1_1_0_0,2
EgF2xADqPCWezQ0x.mp3,0,1,1,0,0_1_1_0,7
EgmqwENDL6JEqcZj.mp3,0,0,0,1,0_0_0_1,6
Egv6ncmZ7jm7KCMC.mp3,0,0,0,1,0_0_0_1,6
EnyJeWv3JjdsKUG8.mp3,1,1,0,0,1_1_0_0,2
EokdK7eQmnrDxIDM.mp3,1,1,0,0,1_1_0_0,2
Esw9Hn4ILO18O6hk.mp3,0,1,0,1,0_1_0_1,1
EzPoiM8BN3BymK51.mp3,0,0,0,0,0_0_0_0,4
F1rfc7idwt80n7k1.mp3,0,1,0,0,0_1_0_0,5
F25rVai0SvIvQ1xb.mp3,1,1,0,0,1_1_0_0,2
F2V7MJywhYj2zBxc.mp3,0,0,0,1,0_0_0_1,6
F3rp6o4bs6twg0Fs.mp3,0,0,0,1,0_0_0_1,6
F5UhpakL1GSSpw3H.mp3,1,1,0,0,1_1_0_0,2
F6EOi8W1GHpJdaos.mp3,0,0,0,0,0_0_0_0,4
F9gOr1btJ1A4O6rp.mp3,1,1,0,0,1_1_0_0,2
FBCvdKL7SmC2gseb.mp3,0,1,0,0,0_1_0_0,5
FJiq9oV8fchcWaRo.mp3,1,1,0,0,1_1_0_0,2
FLVzBFGeFIBoYZPm.mp3,0,0,0,1,0_0_0_1,6
FN0z8lNlOs1rZstc.mp3,1,0,0,0,1_0_0_0,8
FOxIjgFRmfk9QVwR.mp3,1,1,1,0,1_1_1_0,0
FU2EhApM61xrDrk1.mp3,1,1,0,0,1_1_0_0,2
FUQ80in3jUmUzGqK.mp3,0,0,0,1,0_0_0_1,6
FWxI2cBgLrTORM4n.mp3,1,1,0,0,1_1_0_0,2
FZhnQmmIhr7FE7Bw.mp3,1,0,0,0,1_0_0_0,8
Fa5SkQSCYuhg5BIs.mp3,0,0,0,0,0_0_0_0,4
FaCUZhNWUJRCkgrJ.mp3,1,1,0,0,1_1_0_0,2
FazIOZxQqINAZlfv.mp3,0,0,0,0,0_0_0_0,4
FcX8oBDKh9IPOkF7.mp3,0,0,0,1,0_0_0_1,6
Ff2wqh8tZ4f3n96M.mp3,1,0,0,0,1_0_0_0,8
Fk0P6iWEpmnPMAom.mp3,1,1,0,0,1_1_0_0,2
Fo2psztVcL2WDMvL.mp3,1,0,0,1,1_0_0_1,3
FrQia139i1kvtgf3.mp3,0,1,0,1,0_1_0_1,1
FyAVnkvwvHEijyng.mp3,1,1,1,0,1_1_1_0,0
G2Qta8mSkmD8NPPG.mp3,1,1,0,0,1_1_0_0,2
G4OXh7aSH366jWVT.mp3,0,0,0,1,0_0_0_1,6
G687Um5wz8JDBeC8.mp3,1,1,0,0,1_1_0_0,2
G6zB2ivRZrKEm0rD.mp3,1,1,0,0,1_1_0_0,2
GAeGNMTGrp6ky2um.mp3,1,1,0,0,1_1_0_0,2
GIsVO95sWRH6UQaG.mp3,1,0,1,0,1_0_1_0,12
GIwqHdhA2SaySA26.mp3,0,0,0,0,0_0_0_0,4
GNLuuurIQ9wfmqwR.mp3,1,1,0,0,1_1_0_0,2
GTZ9KwLu7xO79fkt.mp3,1,0,0,1,1_0_0_1,3
GTdioqm5SdTv5OkY.mp3,0,0,0,1,0_0_0_1,6
GUtUFKFmG8YaAr7t.mp3,1,1,0,0,1_1_0_0,2
GY1IQiRvbwcLlmsN.mp3,0,0,0,1,0_0_0_1,6
GYA1UmcYXsGWI9rW.mp3,1,1,0,0,1_1_0_0,2
Gcz5FxBstUvjbby6.mp3,0,0,1,0,0_0_1_0,13
GjNAl92jiQK8lVhc.mp3,1,1,0,0,1_1_0_0,2
GkJ44a3mXMcGXGDw.mp3,0,1,0,0,0_1_0_0,5
GnNHweKLcrXrXSPN.mp3,1,1,1,0,1_1_1_0,0
Gqdu3ev4MWMj6GKf.mp3,0,0,1,0,0_0_1_0,13
GrDRmWwbRiFflh4u.mp3,0,0,1,1,0_0_1_1,11
Gv7hQL4IsBUm858J.mp3,0,0,0,0,0_0_0_0,4
GvRISUZKaWtU4a9f.mp3,1,1,0,0,1_1_0_0,2
GvcGBHF0XMXHenS9.mp3,1,1,1,0,1_1_1_0,0
Gw0JLeiKXvz4x3j0.mp3,0,0,0,1,0_0_0_1,6
GwIjBzhRnSXkjOL4.mp3,0,0,0,1,0_0_0_1,6
Gzpkp5oX60dDGlsW.mp3,1,0,0,0,1_0_0_0,8
H0luPqG3WyKK5rfC.mp3,0,0,0,0,0_0_0_0,4
H2PUBLuSO0Vx9E3R.mp3,0,1,0,1,0_1_0_1,1
H2gcVHaIVZyGCrFf.mp3,1,1,0,0,1_1_0_0,2
H2pnLFpNlwajDBXB.mp3,1,0,0,0,1_0_0_0,8
H48bRSInk69g0jFM.mp3,1,1,0,0,1_1_0_0,2
H6JbQWYOrdENuS8C.mp3,1,1,0,0,1_1_0_0,2
HBPM2iuOUnRx6waY.mp3,1,1,0,0,1_1_0_0,2
HBrjkmCf1nFMqsJr.mp3,0,1,0,0,0_1_0_0,5
HIdTPT7nUOIoXGkv.mp3,0,1,1,0,0_1_1_0,7
HKiS4D8ORYK1KmEg.mp3,1,1,0,0,1_1_0_0,2
HL3styrVlWfWJQMF.mp3,0,0,0,1,0_0_0_1,6
HOtMXGcR4smdkx0k.mp3,0,1,0,1,0_1_0_1,1
HOtRJ8COe3DkQkNh.mp3,0,0,0,0,0_0_0_0,4
HRIBbNICdTgEVpt3.mp3,0,0,0,1,0_0_0_1,6
HbyoxfIfqIt6KgAA.mp3,0,0,0,1,0_0_0_1,6
HdDsdgvppaDF8Np4.mp3,0,0,0,0,0_0_0_0,4
HefQicUp0hYpoKGI.mp3,0,1,0,0,0_1_0_0,5
HjNcIoLpXC0ubhtR.mp3,1,0,0,1,1_0_0_1,3
Hl7gsz99wDW66OMS.mp3,1,1,0,0,1_1_0_0,2
HlDQTW4Z7ZQyl9AD.mp3,0,0,0,1,0_0_0_1,6
HoyRCECSajng6qYn.mp3,0,0,0,1,0_0_0_1,6
HsvzUMuQXhNlMb12.mp3,0,1,0,1,0_1_0_1,1
HzlkodkY2DiCseRw.mp3,0,1,0,1,0_1_0_1,1
IFQA3ZVUMZGuEr0b.mp3,1,1,0,0,1_1_0_0,2
IGnHYPCF2JFRTfQi.mp3,0,0,1,0,0_0_1_0,13
IPeqzCDQaJUbcriV.mp3,1,0,0,0,1_0_0_0,8
ITjFifrSkh67YzCH.mp3,0,1,0,0,0_1_0_0,5
Ia8SNJH0Ahaij184.mp3,1,1,0,0,1_1_0_0,2
Ibv76ZqBkY8fsazP.mp3,1,1,0,0,1_1_0_0,2
Im96z7fR2VGRpAhm.mp3,1,0,0,0,1_0_0_0,8
IvKlfE6Du67fmq1C.mp3,1,1,0,0,1_1_0_0,2
JLfqRiW3LtpFQZHZ.mp3,0,1,0,1,0_1_0_1,1
JUYkTk5LsumHBnBT.mp3,1,1,0,0,1_1_0_0,2
JXCsLdGEqcghVjVD.mp3,1,0,0,1,1_0_0_1,3
JXjAfN3lVLtczlWP.mp3,1,1,0,0,1_1_0_0,2
JaaRvJylfyLEJVzF.mp3,1,1,0,0,1_1_0_0,2
Jb1VfRkWufk4V8TJ.mp3,0,0,0,1,0_0_0_1,6
JqJgxelasmyYC2fd.mp3,0,0,0,1,0_0_0_1,6
JrPhdLuvOnMMXZGR.mp3,1,0,0,1,1_0_0_1,3
JxFgcVZJDREjaJ21.mp3,0,0,0,1,0_0_0_1,6
Jzp3cCSYP1iShKUR.mp3,1,1,0,0,1_1_0_0,2
K0EnykTiRP4QB8oE.mp3,1,1,0,0,1_1_0_0,2
K4qtwMDfyjJOLodf.mp3,1,1,0,0,1_1_0_0,2
KHcAka2BHMizn6BL.mp3,1,1,0,0,1_1_0_0,2
KIt3GHbU9RltFKfH.mp3,0,0,0,1,0_0_0_1,6
KK1DZvOv05Ib6Dr5.mp3,0,0,0,1,0_0_0_1,6
KNRWq0hNwlRvMWFJ.mp3,0,1,0,1,0_1_0_1,1
KRzZfyP9g6mxCrH5.mp3,1,1,0,1,1_1_0_1,9
KW9XAoVDgSk6aulT.mp3,0,0,0,1,0_0_0_1,6
KWKWBoEs9V63TTeb.mp3,1,1,0,0,1_1_0_0,2
KWndPbS0zopVQ5Oi.mp3,0,0,0,1,0_0_0_1,6
Kl858P0FXshOH6f3.mp3,1,1,0,0,1_1_0_0,2
KnDiMNf6sE7hLTCq.mp3,1,1,0,1,1_1_0_1,9
KsGZKZx7Sv6tPZhb.mp3,1,1,0,0,1_1_0_0,2
Ktc1pUI8t2EeGcN7.mp3,1,0,0,0,1_0_0_0,8
Ky4pguctcp5Y8sdR.mp3,1,0,0,0,1_0_0_0,8
KyqgPeaGkelX36IB.mp3,0,1,0,1,0_1_0_1,1
L11M0hBT8laUakSX.mp3,1,1,0,0,1_1_0_0,2
L2xCoT1zO3HCeZGq.mp3,1,0,0,0,1_0_0_0,8
L384wyGQZA5Orcpl.mp3,1,0,0,0,1_0_0_0,8
L4N5zyqf5OyApAbw.mp3,1,1,0,0,1_1_0_0,2
L6p2apyFMttPs4o3.mp3,1,1,0,0,1_1_0_0,2
LAhv5czpV3DiiXmH.mp3,0,1,1,1,0_1_1_1,10
LDa19N6F03mVJa4T.mp3,0,1,0,0,0_1_0_0,5
LG4r9Cij0OxFRVST.mp3,1,1,0,0,1_1_0_0,2
LHSrgBwpq0Ub9zOb.mp3,0,0,0,1,0_0_0_1,6
LJ0NkMmXTDEX1G3R.mp3,0,0,0,1,0_0_0_1,6
LKIwfYZSAHR79DjE.mp3,1,1,1,0,1_1_1_0,0
LQkCu3AFqcMtIndb.mp3,1,1,0,1,1_1_0_1,9
LTFgUr0t8Wman1N3.mp3,0,0,0,1,0_0_0_1,6
LeOPsvjCLfNIlt1f.mp3,0,0,0,0,0_0_0_0,4
Lilu4TnK4FHXrBmy.mp3,1,1,0,1,1_1_0_1,9
LlB0PdpJEM0cnmsR.mp3,0,0,0,1,0_0_0_1,6
LmBeTTydgEYCXgUW.mp3,0,1,1,0,0_1_1_0,7
LqEr8JxKHi48tl20.mp3,0,0,1,1,0_0_1_1,11
LsKmf6nYpQLTd7Bu.mp3,0,1,1,1,0_1_1_1,10
LzW9NtawcCYqk0Ik.mp3,1,1,1,0,1_1_1_0,0
M2Vk6vuXEoW0mXhD.mp3,0,1,0,1,0_1_0_1,1
MFLJBqamQAv8jt45.mp3,0,0,0,1,0_0_0_1,6
MGnIZKmgDLwBZkg7.mp3,1,1,1,0,1_1_1_0,0
MKByJJQKwONIRd1J.mp3,1,1,0,0,1_1_0_0,2
MQ9qqDFMENoXwtnj.mp3,1,1,0,0,1_1_0_0,2
MQbjYODZwbE2Vp34.mp3,1,1,1,0,1_1_1_0,0
MRSfD6PXnIBFhG0r.mp3,1,1,1,0,1_1_1_0,0
MZCVYEXGAfexgEbQ.mp3,0,1,0,1,0_1_0_1,1
MaGLXLuHDEz8p1kO.mp3,0,0,0,1,0_0_0_1,6
Meyg34GvBolBUrn5.mp3,1,1,0,0,1_1_0_0,2
MknZBSGN4ciXdMMR.mp3,0,0,0,1,0_0_0_1,6
Mq79gZJbqI9nDUU0.mp3,1,1,0,0,1_1_0_0,2
Ms60PqwQCI5Is6wU.mp3,1,1,0,0,1_1_0_0,2
Mw9ctlfuvobHQtxz.mp3,1,0,0,1,1_0_0_1,3
N0qzErujgWxVomh3.mp3,0,1,0,0,0_1_0_0,5
N3RxKLmoM1EUPLgA.mp3,0,0,0,1,0_0_0_1,6
NKklhH9d5qHFacZ8.mp3,0,0,0,1,0_0_0_1,6
NMBywJejkhueXNpY.mp3,1,1,0,0,1_1_0_0,2
NZChgwgSdmVZogSg.mp3,1,0,0,0,1_0_0_0,8
NZhySzar6Kim05u9.mp3,0,1,0,1,0_1_0_1,1
NcgntqGoALBvrcDu.mp3,1,1,0,0,1_1_0_0,2
Nfx43BOKk9Hel5JE.mp3,0,0,0,1,0_0_0_1,6
Nj2YFg8GdpFCMPpG.mp3,1,1,1,0,1_1_1_0,0
NshvXHcnskDUeajX.mp3,1,1,0,0,1_1_0_0,2
Nv5qrchJvNTCh7cp.mp3,0,1,1,0,0_1_1_0,7
O5SlwEDBrny2VsAo.mp3,0,0,0,1,0_0_0_1,6
O96HUw6ljll4nvq4.mp3,1,1,1,0,1_1_1_0,0
ODr1ix2Wvbmd9Nbx.mp3,1,1,0,0,1_1_0_0,2
OFR5c67BGwv2RKfk.mp3,1,0,0,0,1_0_0_0,8
OM3nd0DYPGluR6as.mp3,1,1,1,0,1_1_1_0,0
OOKJGJrepc8c7ZoD.mp3,1,0,0,0,1_0_0_0,8
ORePstDzxz4zCNMm.mp3,0,0,0,1,0_0_0_1,6
OVHcQ7qLq625mBmZ.mp3,1,1,1,0,1_1_1_0,0
OVd21lL2qIOsHIND.mp3,1,1,0,0,1_1_0_0,2
ObkSutZGXaQfHDX7.mp3,0,0,1,0,0_0_1_0,13
Oeq7iWYiXEFnLU9e.mp3,0,0,0,1,0_0_0_1,6
Of2vNKSQoqRR5Q01.mp3,1,0,0,0,1_0_0_0,8
OiIUJBKkdJE3NVav.mp3,0,0,0,0,0_0_0_0,4
OxHRcKtXUdqKCIBf.mp3,0,0,0,0,0_0_0_0,4
P4kvssUz1nVCsbjt.mp3,0,0,0,1,0_0_0_1,6
P4zIY2Z93w4RnHWH.mp3,0,0,0,1,0_0_0_1,6
P5BSGIJvo2zbYxpO.mp3,0,0,0,0,0_0_0_0,4
PEyCBJpA937JJDGg.mp3,0,1,0,0,0_1_0_0,5
PI4gTFBivkZGxkxM.mp3,0,0,0,1,0_0_0_1,6
PJzeogsagsrRq3HZ.mp3,1,1,0,0,1_1_0_0,2
PK3VhFWRT5EITbOD.mp3,0,1,0,1,0_1_0_1,1
PKY5RAIiInkes40g.mp3,0,0,0,1,0_0_0_1,6
PMaz0vOpXYRVbYap.mp3,0,0,0,0,0_0_0_0,4
PNEnm5Y9uXtx7aVW.mp3,0,0,0,0,0_0_0_0,4
POPML5KEDNSE4WmK.mp3,1,0,0,0,1_0_0_0,8
PQ1TZQ4m1BfqrZn3.mp3,1,1,0,0,1_1_0_0,2
PTGJtA9w6NRK7i2i.mp3,1,1,1,0,1_1_1_0,0
PZiABJiTRNuWdoir.mp3,1,1,0,0,1_1_0_0,2
PaqlPX5Zggr3FCkk.mp3,0,0,0,1,0_0_0_1,6
PfPAVwKCkfNQOdvu.mp3,1,0,0,0,1_0_0_0,8
PlKOyKarM3mxTE2F.mp3,1,1,0,0,1_1_0_0,2
PmO9duahdQqmQXUp.mp3,1,1,0,0,1_1_0_0,2
PqWprmNozwjTfQFs.mp3,1,1,0,0,1_1_0_0,2
PsJxGIi8hfHNOdyO.mp3,1,1,1,0,1_1_1_0,0
PtCXZRlRRGiePbDo.mp3,1,1,0,0,1_1_0_0,2
PyEnawsJqN1EtHr0.mp3,1,0,0,0,1_0_0_0,8
Pzgqa4H5AgvOegJo.mp3,1,0,1,1,1_0_1_1,-1
Q9DuneolEj6EoqHm.mp3,1,1,0,0,1_1_0_0,2
QCXRQ9ClIIsHnqQH.mp3,0,0,1,0,0_0_1_0,13
QDNRxp5aXlNxgK4v.mp3,1,1,0,0,1_1_0_0,2
QDzz0pbmKeCPg32t.mp3,1,1,1,0,1_1_1_0,0
QUqWCa8AqCCflwye.mp3,0,0,1,0,0_0_1_0,13
QVU9T4KZHPV5qkFW.mp3,1,1,1,0,1_1_1_0,0
QVt5LPA7KCKvqt6X.mp3,1,1,0,0,1_1_0_0,2
QZQ0WDuM3qn2npyU.mp3,1,0,0,0,1_0_0_0,8
QjxUmiXnnXxYDt72.mp3,0,1,0,1,0_1_0_1,1
Qo38RI4I3kwJ6ixp.mp3,1,0,0,0,1_0_0_0,8
Qv36HRennIxlSiAG.mp3,0,1,1,0,0_1_1_0,7
QvuNzyR3mkrlY9ST.mp3,0,0,0,0,0_0_0_0,4
R0yC1zJsUQGrQQBS.mp3,0,1,0,0,0_1_0_0,5
R4pWohpf8CTNL1Ml.mp3,0,0,0,1,0_0_0_1,6
R4xxKkyWDsBdzydC.mp3,0,1,0,1,0_1_0_1,1
RAECwDPJ5gvZuZZS.mp3,1,0,0,0,1_0_0_0,8
RDhHKE0iWr52sNo1.mp3,1,1,1,0,1_1_1_0,0
RIki6qycZMSlWsEK.mp3,0,0,0,0,0_0_0_0,4
RRC8Xl4FF99UBf06.mp3,0,0,0,1,0_0_0_1,6
RZgOOqrputNF2Nnc.mp3,1,1,1,0,1_1_1_0,0
RbaDhF3EoczkLKJl.mp3,0,0,0,1,0_0_0_1,6
Rnvtf2E7RHF6O6ql.mp3,1,0,0,0,1_0_0_0,8
RqgmEyg6pi4sa811.mp3,0,0,0,0,0_0_0_0,4
Rrfd9e9hfZ9mGgYD.mp3,1,1,1,0,1_1_1_0,0
RwkDigqH8U7R31Qd.mp3,1,1,0,0,1_1_0_0,2
S0apnPI33OBv9TJq.mp3,1,1,0,0,1_1_0_0,2
SLPVXlF1r3OfpLTX.mp3,0,0,0,1,0_0_0_1,6
SNruiLQdBF8F9HJR.mp3,1,1,0,0,1_1_0_0,2
ScfSrFBa4lrCZDko.mp3,0,0,0,1,0_0_0_1,6
Sf50KdHiknAeHMo7.mp3,0,0,0,1,0_0_0_1,6
Si8JMrAYOxiV6ikn.mp3,1,1,0,0,1_1_0_0,2
Sii63pShoaTmuVGU.mp3,0,0,0,1,0_0_0_1,6
SmbEsXptUm3IUUGd.mp3,0,1,0,0,0_1_0_0,5
Sn0Duj390K77Hdow.mp3,0,0,1,0,0_0_1_0,13
SoXDelluswi5e2l7.mp3,0,1,0,0,0_1_0_0,5
SpPodOC4Z8oVgcST.mp3,1,1,0,0,1_1_0_0,2
SuQMROCRi5FYkNuc.mp3,1,1,0,0,1_1_0_0,2
T3de4WJ4SceIL6Ty.mp3,0,1,0,0,0_1_0_0,5
TDe4kDLeItJJNRqR.mp3,1,1,0,0,1_1_0_0,2
TErsKdyNqrQ40Rup.mp3,0,0,0,1,0_0_0_1,6
TLZk5ufef7oFzn1K.mp3,1,1,0,0,1_1_0_0,2
TMtQRx5zr3FaaRuF.mp3,1,1,0,0,1_1_0_0,2
TPCrbAuMJEtx6dqm.mp3,0,0,0,0,0_0_0_0,4
TSo8sshRUfFl1FfJ.mp3,1,0,0,1,1_0_0_1,3
TUQu7meggZDUvjWi.mp3,0,1,0,1,0_1_0_1,1
TV2JNGyBifq6OhZj.mp3,0,0,0,1,0_0_0_1,6
TXJlWHDxXZqLXix2.mp3,1,1,0,0,1_1_0_0,2
TXS5624w504TKvj8.mp3,1,1,0,0,1_1_0_0,2
TeivBLAcMpTviSrh.mp3,0,0,0,0,0_0_0_0,4
ThW7HAJl5UXwFPXB.mp3,0,0,0,1,0_0_0_1,6
TnYlBZeu9kOmLCXw.mp3,1,1,0,0,1_1_0_0,2
Tng8pl2AlRmJBE5K.mp3,1,0,1,0,1_0_1_0,12
TrueEWkXvcKTY8f7.mp3,0,0,0,1,0_0_0_1,6
TtnceBhAnnMmEQQJ.mp3,0,0,0,0,0_0_0_0,4
TuNUDFdaWyFJ1Kf7.mp3,0,0,0,1,0_0_0_1,6
TuPZd07jSVzU8cSZ.mp3,1,0,0,0,1_0_0_0,8
U5gQK62oALn2v6PT.mp3,0,1,0,0,0_1_0_0,5
UAWCJd2QQtInZcim.mp3,1,0,0,0,1_0_0_0,8
UICT9NmrFvFABgxB.mp3,1,1,0,0,1_1_0_0,2
UJ0FA4OnSn2H9zTb.mp3,1,1,0,0,1_1_0_0,2
UK1Myg7ZjgcBNVsO.mp3,0,1,1,1,0_1_1_1,10
URdMAMpIlDTITiQT.mp3,0,0,0,1,0_0_0_1,6
US7q7oMrNGAr8pB5.mp3,0,0,0,1,0_0_0_1,6
UTeoYRTQcDKAUMqD.mp3,1,1,0,0,1_1_0_0,2
UUT3MnnHgEmcJVPR.mp3,1,0,0,1,1_0_0_1,3
UVHQ5sVjkP7VfEzC.mp3,0,0,0,1,0_0_0_1,6
UZWzvLXLIsXuCs5P.mp3,0,0,0,1,0_0_0_1,6
UbxSYmn4QRyKGudK.mp3,0,0,0,1,0_0_0_1,6
UfKmWMisINWbKOiy.mp3,1,1,0,0,1_1_0_0,2
Uh40AtDxW81kiT1x.mp3,0,1,1,0,0_1_1_0,7
UknBD3pPM8aey50C.mp3,0,0,0,1,0_0_0_1,6
Up1IkZ1c9fPHBMy3.mp3,0,1,1,0,0_1_1_0,7
UqwxEGhF00MWpcH0.mp3,0,1,0,1,0_1_0_1,1
UswQfzS7KeS7d2vI.mp3,0,0,0,1,0_0_0_1,6
UtCgFQH0M7cPkidc.mp3,1,0,0,1,1_0_0_1,3
UukTPK7BHZMZi8Df.mp3,1,1,0,0,1_1_0_0,2
V17kuWqX1UXZRaiS.mp3,1,0,0,0,1_0_0_0,8
V1KTPZNBE3G8Kswp.mp3,0,1,0,0,0_1_0_0,5
V4OLXpBy0DSAKkGT.mp3,1,1,0,0,1_1_0_0,2
VBIQTyHlzahRvISE.mp3,0,0,0,0,0_0_0_0,4
VBRK1Ca1LoBocQei.mp3,1,1,0,0,1_1_0_0,2
VByM6z4j9kTTcMps.mp3,0,0,0,1,0_0_0_1,6
VCnHKTbwXzHjoU6F.mp3,1,1,0,0,1_1_0_0,2
VDwspGEDjeRfeRPX.mp3,0,0,0,1,0_0_0_1,6
VG3a06XnBTcXrBr0.mp3,1,1,0,0,1_1_0_0,2
VHErlwTCPoyNJuQi.mp3,0,0,0,1,0_0_0_1,6
VNJQjC3O1QQSQiZL.mp3,1,0,0,0,1_0_0_0,8
VO1HevnzAqz0sBDv.mp3,0,0,0,0,0_0_0_0,4
VXP7WP5J5S2GXoZW.mp3,1,0,0,1,1_0_0_1,3
VgXFmg8i4zX8UDs7.mp3,0,0,0,1,0_0_0_1,6
VlQMaBsVHUukC1DP.mp3,0,0,1,1,0_0_1_1,11
W9fYgzZIKDpEm2XW.mp3,1,1,0,0,1_1_0_0,2
WBwKIKFsrXjp43Up.mp3,0,0,0,1,0_0_0_1,6
WGHuCEuPZxnO3RP8.mp3,1,1,0,0,1_1_0_0,2
WGJd0OMGvFFr0tYk.mp3,0,0,0,1,0_0_0_1,6
WJ4XWpXUbTyYpeSH.mp3,0,1,0,1,0_1_0_1,1
WKveP1sEHhO9b46Y.mp3,0,1,0,1,0_1_0_1,1
WL83hZeAWHlAf726.mp3,0,1,0,1,0_1_0_1,1
WN775HvkYsVjq36d.mp3,1,1,0,0,1_1_0_0,2
WNleWj5ZEtPKfWht.mp3,1,1,0,0,1_1_0_0,2
WVU8JggRvMBxhTwI.mp3,1,1,0,0,1_1_0_0,2
WYJOL6Oq3alcf4n5.mp3,1,1,0,0,1_1_0_0,2
WkX9j7YwER0IhBoC.mp3,1,1,0,0,1_1_0_0,2
WmoFpVkLhArKSfrZ.mp3,0,0,0,1,0_0_0_1,6
WoQGeD4KCOK7bWt3.mp3,0,0,0,1,0_0_0_1,6
WsYoqk1jc2a084eR.mp3,0,1,0,1,0_1_0_1,1
Wwk17PP9VsjCJUwt.mp3,1,1,0,0,1_1_0_0,2
Wypi3WvhiNgiOIiQ.mp3,0,0,0,1,0_0_0_1,6
WzXp31HF5DIWiUq5.mp3,0,0,0,1,0_0_0_1,6
X3n2Nsfat8Izp5gK.mp3,1,1,0,0,1_1_0_0,2
X5wYh7aTsdVHQyiD.mp3,1,0,0,0,1_0_0_0,8
X85zBrQ10DvCDeeK.mp3,0,0,0,1,0_0_0_1,6
XBF6pjiL7JfxF64G.mp3,1,0,0,0,1_0_0_0,8
XODacTQDqxIzUn4D.mp3,1,1,0,0,1_1_0_0,2
XZbD8c4PA2XwzWjy.mp3,0,0,1,0,0_0_1_0,13
XjppjAisKPI1lwNJ.mp3,1,1,0,0,1_1_0_0,2
XtFGJS8n5VBZzMua.mp3,1,0,0,0,1_0_0_0,8
XuPXfldTGIe7SA4k.mp3,1,1,0,0,1_1_0_0,2
XyFQnY8ASByCXEhH.mp3,0,0,0,1,0_0_0_1,6
Y85ivFj6iF0KXIQY.mp3,1,1,0,0,1_1_0_0,2
YJBYLttiCHaXCNbJ.mp3,0,1,0,1,0_1_0_1,1
YODPbu1oLCUQKb6p.mp3,1,1,0,0,1_1_0_0,2
YPGIAZPJAoWrZsPL.mp3,0,0,0,1,0_0_0_1,6
YRiW3NeY4UtJaHr1.mp3,1,1,0,0,1_1_0_0,2
YTW81Ig9j5LhR32v.mp3,1,0,0,0,1_0_0_0,8
YTgIO6pLIVRIIcU4.mp3,0,1,1,0,0_1_1_0,7
YWEVpqA38ezG0dPU.mp3,1,1,1,0,1_1_1_0,0
YZQWFb6QkENjIUsw.mp3,1,1,0,0,1_1_0_0,2
YZpOKUvreo6O38OS.mp3,1,1,0,0,1_1_0_0,2
Yf6vJSTGssKZsDPh.mp3,0,1,1,0,0_1_1_0,7
YgNZOC8TC6XeoqRs.mp3,1,0,0,0,1_0_0_0,8
YiIyZm19bGZ7b2VT.mp3,1,0,0,1,1_0_0_1,3
YkGySSN37l6vSpSx.mp3,0,1,0,1,0_1_0_1,1
Z48sdyJYIzEBdvcw.mp3,1,1,0,0,1_1_0_0,2
Z4zNqKYakDV54lH7.mp3,0,0,0,1,0_0_0_1,6
Z7UkcCev76bpULVS.mp3,1,1,0,0,1_1_0_0,2
Z87vnrFwUkKv8Nu1.mp3,0,0,0,1,0_0_0_1,6
ZA4jUH5tFjwUyaaC.mp3,1,0,0,1,1_0_0_1,3
ZFcUHau7U6SS7RRh.mp3,0,0,0,0,0_0_0_0,4
ZGzGW3a6YVq01Ru6.mp3,1,1,1,0,1_1_1_0,0
ZNUpAFXVHxILMgbi.mp3,1,1,0,0,1_1_0_0,2
ZWcaJtUuOf86TyRr.mp3,1,1,1,0,1_1_1_0,0
ZgB8G6eRIXCp5EDm.mp3,0,1,0,1,0_1_0_1,1
ZjMCgnTPfSkFayeU.mp3,0,0,0,1,0_0_0_1,6
ZkL9ypiWw4QaXILO.mp3,0,0,0,1,0_0_0_1,6
ZqpKOClW5099W15b.mp3,0,0,0,1,0_0_0_1,6
ZvCQHD0J29OidSpU.mp3,0,1,1,0,0_1_1_0,7
a5OczTk7N77LtLPB.mp3,1,0,0,1,1_0_0_1,3
aB6trI9oLGRFIxIp.mp3,1,1,0,1,1_1_0_1,9
aDHzEPQZnLosYDWh.mp3,0,0,0,1,0_0_0_1,6
aFl1eENPh4oXZZhH.mp3,0,0,0,1,0_0_0_1,6
aG1Y3gcMLsrMsoBt.mp3,1,0,0,1,1_0_0_1,3
aGDTjuONq4ucoFOh.mp3,0,1,1,1,0_1_1_1,10
aP6UiMYSNiXkYrPM.mp3,1,1,0,0,1_1_0_0,2
aPeZn3JR9tHRnmkd.mp3,1,1,0,0,1_1_0_0,2
aWLkj2oy4DiJfvx4.mp3,0,1,1,0,0_1_1_0,7
aYQLJx8P7E0M2By5.mp3,0,1,1,0,0_1_1_0,7
aZx7sdB2dtr95A9x.mp3,1,0,1,1,1_0_1_1,-1
ai0uY0scBQCGyIai.mp3,0,1,1,0,0_1_1_0,7
aiN4Z1CVUp0DtpLX.mp3,1,0,0,1,1_0_0_1,3
ajCFQMy7isCa65f5.mp3,0,0,0,1,0_0_0_1,6
alOemTLJknyDjTHh.mp3,1,1,0,0,1_1_0_0,2
alViVmyWPgD1TNjV.mp3,0,0,0,1,0_0_0_1,6
amrNPctHBLhEopMB.mp3,0,0,0,1,0_0_0_1,6
ar7iWc4eIXqzQTtt.mp3,1,1,0,1,1_1_0_1,9
arbCYCP2mmPKJxgh.mp3,0,0,0,1,0_0_0_1,6
atQb0sVsFwB3vUdH.mp3,1,1,0,0,1_1_0_0,2
b3UZTZRF0VQacmK5.mp3,0,0,1,0,0_0_1_0,13
b71aXGyOmFJUW7ew.mp3,1,0,0,0,1_0_0_0,8
bBOv3GYMCUsPiMGT.mp3,1,1,0,0,1_1_0_0,2
bJiHPjZpGOjuZszF.mp3,0,0,0,0,0_0_0_0,4
bNqNAmtphoSsqEHO.mp3,1,1,1,0,1_1_1_0,0
bV9SkGVWeQATPYsv.mp3,0,0,1,1,0_0_1_1,11
bgxjYFP86AorO5T4.mp3,1,1,0,0,1_1_0_0,2
bozS7S1Bd397C0iE.mp3,1,1,0,0,1_1_0_0,2
bp1WRAbntkDlkEZ1.mp3,1,1,1,0,1_1_1_0,0
bsfrgdn5lh5khx8g.mp3,0,1,0,1,0_1_0_1,1
bt5FLoPxwWJsIEM9.mp3,0,1,0,1,0_1_0_1,1
bu1VAGtGFvEdQ4xC.mp3,0,0,0,1,0_0_0_1,6
c1IgY8CqNXtuQgSA.mp3,0,1,0,1,0_1_0_1,1
c5xfRAqU6aHZiA8H.mp3,1,1,0,0,1_1_0_0,2
cAeeP6HRpFHSmM9V.mp3,1,0,0,0,1_0_0_0,8
cAqD1JZ0T26pctAX.mp3,1,1,0,0,1_1_0_0,2
cBrtBCF0zYpcDByK.mp3,0,0,0,1,0_0_0_1,6
cFcnXSREftNawSSA.mp3,1,1,0,0,1_1_0_0,2
cGXpRaJxGpW5iTAF.mp3,0,1,1,0,0_1_1_0,7
cIoiclXTiXwMfccq.mp3,0,1,0,0,0_1_0_0,5
cZ0ojw1j8HnfaYVj.mp3,1,1,0,0,1_1_0_0,2
cZ60ZAdOzGFxHAUj.mp3,0,0,0,1,0_0_0_1,6
chfwiLVppWRfq1gz.mp3,1,1,0,0,1_1_0_0,2
ckYkc2gDAz0NKKnp.mp3,1,0,0,1,1_0_0_1,3
cnP4lKPZu8jfUWHP.mp3,1,1,0,0,1_1_0_0,2
csCr7YqVu27FdIo3.mp3,0,0,0,1,0_0_0_1,6
cslyJp5PekqFYG11.mp3,1,1,0,0,1_1_0_0,2
cweAx2PzlenIbFLa.mp3,1,0,1,0,1_0_1_0,12
cwx9veaKUEzw6evL.mp3,0,1,1,1,0_1_1_1,10
dA8xICelIeIPMnls.mp3,1,0,0,0,1_0_0_0,8
dDeTGhuubsXbbENx.mp3,1,1,0,0,1_1_0_0,2
dKNi3oG5QGxMQDz1.mp3,0,0,0,1,0_0_0_1,6
dL45wJZ6no0akDRT.mp3,1,1,0,0,1_1_0_0,2
dNGvTETyqCXYqtGH.mp3,1,1,0,0,1_1_0_0,2
dQvlm2BO4PuK9552.mp3,0,0,0,0,0_0_0_0,4
dSRwa9hYRYQxCWyx.mp3,1,1,0,0,1_1_0_0,2
dTaBYZTbyH55qTo9.mp3,0,0,0,1,0_0_0_1,6
dWoAt8vpq9BABlIH.mp3,1,1,0,0,1_1_0_0,2
dWwQdSJ6iz2rUoOw.mp3,0,0,0,1,0_0_0_1,6
da4NsURcrmdmjkC8.mp3,1,1,1,1,1_1_1_1,-1
dbOGhj7NHUU1Bdxs.mp3,0,0,0,0,0_0_0_0,4
ddVQlsJFwvH1aLs2.mp3,0,0,0,0,0_0_0_0,4
dppJ3I40umyJ0HtZ.mp3,1,1,0,0,1_1_0_0,2
dwMkztheWzteIjzU.mp3,0,0,0,0,0_0_0_0,4
dzSxjboeKbp4FpSG.mp3,1,1,0,0,1_1_0_0,2
e2PwaxGGu6ungC9W.mp3,0,0,0,1,0_0_0_1,6
e37FVhogNQnwGWCb.mp3,0,1,1,1,0_1_1_1,10
eEmbh33B1A03m740.mp3,0,0,0,0,0_0_0_0,4
eH0kZwbmNT7CaH5S.mp3,1,0,0,1,1_0_0_1,3
eJ3e8SDSil49pvRq.mp3,0,0,0,1,0_0_0_1,6
eKCMUsH44RYKuQSu.mp3,0,1,1,0,0_1_1_0,7
eSlfaifuIDDavPwk.mp3,1,1,0,0,1_1_0_0,2
eYuNjR5y2FW9D232.mp3,0,0,0,1,0_0_0_1,6
ea6ZQBWlAAP5zTnX.mp3,0,0,0,1,0_0_0_1,6
edRCdb3AjNbR1aKl.mp3,0,0,1,1,0_0_1_1,11
efeP6vhgGuhCRV0T.mp3,1,0,0,0,1_0_0_0,8
enl7cfhW69ywZ8gD.mp3,0,0,0,1,0_0_0_1,6
f4lpsASAHa0eydF4.mp3,1,1,0,0,1_1_0_0,2
f8yjln3U4m5ybGqB.mp3,1,0,0,0,1_0_0_0,8
fABHsoSUnwb8Uvdo.mp3,1,1,1,0,1_1_1_0,0
fDqQpJrIInueHuS2.mp3,0,1,0,0,0_1_0_0,5
fJf7x4Un4efkht5s.mp3,1,0,0,0,1_0_0_0,8
fO6cZA5mgdDvyamW.mp3,0,0,0,1,0_0_0_1,6
fQNjWCvmXaPytHEq.mp3,1,1,0,1,1_1_0_1,9
fQcKATcMDnJhQ5D6.mp3,0,0,0,1,0_0_0_1,6
fS3WeUoqQCJuT4ES.mp3,1,0,0,0,1_0_0_0,8
ff5VKvCUlN0EHWoT.mp3,0,0,0,1,0_0_0_1,6
fkDE8ZAuL704Dh96.mp3,1,1,0,0,1_1_0_0,2
fl8040L0RnNLSqrr.mp3,1,1,1,0,1_1_1_0,0
fu7HdIY2HZuKlq4A.mp3,1,0,0,1,1_0_0_1,3
fwtyoIpA9PPZ24tv.mp3,0,0,1,1,0_0_1_1,11
g1y19lVljAzUmycb.mp3,1,1,0,1,1_1_0_1,9
g77UcoNlC9i4kse3.mp3,0,0,0,1,0_0_0_1,6
g7awBHzklE9Su1Mz.mp3,1,1,0,0,1_1_0_0,2
gAK5r2ZIkCKBLVQh.mp3,0,1,0,0,0_1_0_0,5
gBQgkSVcBI0E7pI5.mp3,0,1,0,0,0_1_0_0,5
gCjM4ZGQpLlDD1YU.mp3,0,0,0,1,0_0_0_1,6
gGZux7ZdoaBi2wJ3.mp3,0,0,0,1,0_0_0_1,6
gJs9ohupvfdgeyen.mp3,1,0,0,1,1_0_0_1,3
gPEXDeJxwSOnPRWs.mp3,1,1,0,0,1_1_0_0,2
gVqbLjeGFEI7o4yl.mp3,0,1,1,0,0_1_1_0,7
gazXY9rIIUs4mwBm.mp3,1,0,0,0,1_0_0_0,8
ggYq2dEjyYIbjDZK.mp3,1,1,1,0,1_1_1_0,0
ggvALoVsXLpuOkys.mp3,0,1,1,1,0_1_1_1,10
gkZV3kea5YXpMIWo.mp3,1,1,1,0,1_1_1_0,0
glg0zUbDTi3dnon5.mp3,0,0,0,0,0_0_0_0,4
gnJ5tZr166tlDEpx.mp3,1,1,0,0,1_1_0_0,2
gqI0nkItVlQKVp5O.mp3,1,0,0,1,1_0_0_1,3
gqmtvdIVwfvZq8Py.mp3,0,0,0,0,0_0_0_0,4
gsiRGFWCtV8fn7hF.mp3,0,0,0,1,0_0_0_1,6
gsyTvPh4mwAMRV0B.mp3,1,1,0,0,1_1_0_0,2
guvo3xitT518Lhlk.mp3,0,0,1,0,0_0_1_0,13
gvyFzYqRP6jfYnEh.mp3,1,1,0,0,1_1_0_0,2
gzeJDQU2WZV727M2.mp3,0,1,0,0,0_1_0_0,5
h4gXbvphSo2EFKxk.mp3,1,1,1,0,1_1_1_0,0
h80mA2TIFYeRdEOm.mp3,0,0,0,1,0_0_0_1,6
hDu1v2EKkjcp1QOv.mp3,1,1,0,0,1_1_0_0,2
hGRBJ5xPoUcOrOJr.mp3,1,0,0,0,1_0_0_0,8
hLXLP5F4xBeq7Alz.mp3,1,1,0,0,1_1_0_0,2
hM3dNv0yb9EjLVUt.mp3,1,0,0,0,1_0_0_0,8
hQg963JCwT6NmXv9.mp3,1,1,0,0,1_1_0_0,2
hUUByGphe8qD2ROr.mp3,1,1,1,0,1_1_1_0,0
hWqwG8upNO5b4J1E.mp3,1,1,0,1,1_1_0_1,9
hbREazwMJ26BCGPt.mp3,1,1,0,0,1_1_0_0,2
heqqjtecA46e6D2M.mp3,1,1,0,0,1_1_0_0,2
hfqnPzfYwgiUhVzG.mp3,1,1,0,0,1_1_0_0,2
hmn0W8bgOtqFai6U.mp3,1,0,0,0,1_0_0_0,8
hotuaeMF8tvYKiTs.mp3,0,0,0,1,0_0_0_1,6
hwPSqUyW5KZk92nI.mp3,0,0,0,1,0_0_0_1,6
hzQ7d2EIDmSVWqQx.mp3,1,1,1,0,1_1_1_0,0
i58gqxOSNhph6k47.mp3,1,1,1,0,1_1_1_0,0
i9L8du8PnlpKZXAA.mp3,1,1,0,0,1_1_0_0,2
iEOc5UkEhb9n73Lm.mp3,1,1,0,0,1_1_0_0,2
iamEfaxOlHkRHYOa.mp3,1,0,0,0,1_0_0_0,8
idt6D7VuWq7tn83j.mp3,1,1,0,0,1_1_0_0,2
ikiURluDzFbOPKic.mp3,1,1,0,0,1_1_0_0,2
iuiuRnuXqd4v2EZ3.mp3,1,0,0,0,1_0_0_0,8
j47FtofDd10yU8Hi.mp3,1,0,0,0,1_0_0_0,8
j6UqXiNQGd00oY3O.mp3,0,1,0,1,0_1_0_1,1
j9YPBTIjhyyHdJxA.mp3,1,1,0,1,1_1_0_1,9
jEpc8ReoWEz2Z4YD.mp3,0,0,0,1,0_0_0_1,6
jHcF52hVTRiLsdYf.mp3,0,0,0,1,0_0_0_1,6
jaiBwtq2wWgQi7vI.mp3,0,0,0,1,0_0_0_1,6
jkwblIweGAebUHMq.mp3,0,0,0,0,0_0_0_0,4
jmwp7flLLKsA8P9N.mp3,0,0,0,1,0_0_0_1,6
jpg1h7hcj47u9PuM.mp3,0,0,0,1,0_0_0_1,6
jsGVTrgbDoHmn5jd.mp3,1,1,0,0,1_1_0_0,2
jtEjX2uspOo1EIic.mp3,0,0,0,1,0_0_0_1,6
jxNnIg4iVJzAY0ns.mp3,0,1,0,0,0_1_0_0,5
k12bC0jM3FgQ4PbU.mp3,0,1,0,0,0_1_0_0,5
k2Dv62s50TXMtdB3.mp3,0,0,0,1,0_0_0_1,6
k5S2pgnRCS3qtNOC.mp3,0,1,1,0,0_1_1_0,7
kINdWsCsoaAC9tFz.mp3,1,0,0,0,1_0_0_0,8
kOgG4ztKhCXSglgr.mp3,1,1,0,0,1_1_0_0,2
kOh7eJlyirzmwgck.mp3,0,1,1,0,0_1_1_0,7
kOivpraeEBGwQbyj.mp3,0,1,0,0,0_1_0_0,5
kS6zF2iv21R1vpkt.mp3,1,1,0,0,1_1_0_0,2
kYSAwmMk6e47BErA.mp3,0,0,0,1,0_0_0_1,6
kYs1zbNu2F6i5nO0.mp3,0,0,0,1,0_0_0_1,6
kbgQKFYReSMX5Zep.mp3,1,1,0,0,1_1_0_0,2
kdGA3nAd9kXHDhRW.mp3,0,0,0,1,0_0_0_1,6
keLS79K7Ls5zGtK0.mp3,0,0,0,1,0_0_0_1,6
ksOyVEmRSrw9qMbZ.mp3,1,1,1,0,1_1_1_0,0
kwy9EpnwyTM4JuXj.mp3,0,0,0,1,0_0_0_1,6
kxkZ2m8PPDqmKF3J.mp3,0,0,0,1,0_0_0_1,6
kzMY7ji6oFOnEAtQ.mp3,1,1,0,0,1_1_0_0,2
l4df1iM5ePCvBUmJ.mp3,1,0,0,0,1_0_0_0,8
l89bAqDTjecAVmVA.mp3,1,1,0,1,1_1_0_1,9
l9g1I6iqDiT1zTDg.mp3,1,1,0,0,1_1_0_0,2
lBpRO3l8K0b8JqXX.mp3,1,1,1,0,1_1_1_0,0
lHsSTzfDuKIf72Sh.mp3,0,0,0,0,0_0_0_0,4
lQxgoAGwYJlCJhJT.mp3,0,0,0,1,0_0_0_1,6
lUzoIReIASFM2KZI.mp3,0,1,0,1,0_1_0_1,1
lf9e2lgxBS7mhOqW.mp3,1,1,0,0,1_1_0_0,2
lgGdordk03IlWoOW.mp3,0,0,0,1,0_0_0_1,6
lsVwPkkwai5dDVSa.mp3,1,0,0,1,1_0_0_1,3
m6Yya17skXHaeOQt.mp3,0,0,0,1,0_0_0_1,6
mC5NMYldcOgIbRww.mp3,0,1,0,0,0_1_0_0,5
mDK0pbya0Nc8n3D9.mp3,0,1,1,0,0_1_1_0,7
mDrOsau4vGCZ7lcA.mp3,1,1,0,0,1_1_0_0,2
mG8VbPVnJnTibHW9.mp3,1,1,0,0,1_1_0_0,2
mLJp2oRzlWj2vZn2.mp3,0,0,0,1,0_0_0_1,6
mQ1CC7I3KDr5dkmY.mp3,1,1,0,0,1_1_0_0,2
mQeRQK8Ke41Gr6cB.mp3,0,0,0,1,0_0_0_1,6
mTRFpijQyuBUNkZ2.mp3,1,1,0,0,1_1_0_0,2
mU1KfJEX8Ly8YAWO.mp3,1,1,0,0,1_1_0_0,2
mVGnqZPX84ZKJmYS.mp3,1,0,0,1,1_0_0_1,3
mX0bQtvN23Ka95Pu.mp3,0,0,0,1,0_0_0_1,6
maOxO5d0kfzlluME.mp3,1,1,0,0,1_1_0_0,2
malwxw4pu8zLfVM8.mp3,1,1,1,0,1_1_1_0,0
mez7CL9aisZJ1bn7.mp3,1,1,1,0,1_1_1_0,0
mgiCoTfFv9jAOHMH.mp3,0,0,1,1,0_0_1_1,11
mm2nhlo9eEObGGfC.mp3,1,0,0,0,1_0_0_0,8
mmniBXGQ5rGu8E9d.mp3,0,0,0,1,0_0_0_1,6
n3Udedm4PjqUDwGY.mp3,0,1,0,0,0_1_0_0,5
n5KIHRxRjxiM3TIV.mp3,1,1,0,1,1_1_0_1,9
nDByk2KTtZcPgRdZ.mp3,0,0,0,1,0_0_0_1,6
nILYDQ61P93FwsNj.mp3,0,0,0,1,0_0_0_1,6
nImhtNyAMjUajHFg.mp3,1,1,0,0,1_1_0_0,2
nLSVecbjMrCXHScf.mp3,0,1,0,1,0_1_0_1,1
nNtelnuPhT47CI7r.mp3,1,1,1,0,1_1_1_0,0
nRdn5FeEE4PeEwKO.mp3,1,1,0,0,1_1_0_0,2
nRzokZAN96ExZDQD.mp3,0,0,0,1,0_0_0_1,6
nULgwT2ncTtsiwrA.mp3,1,1,0,0,1_1_0_0,2
nUjMRqhad6O6PQvm.mp3,1,1,1,0,1_1_1_0,0
ndZla8DcG4g1NUCg.mp3,0,0,0,1,0_0_0_1,6
nfaXT3IlWK3tVIkg.mp3,0,1,0,1,0_1_0_1,1
ngXjU3lO6XVBcmVh.mp3,0,1,0,0,0_1_0_0,5
niSzJNsME53hGC3M.mp3,0,0,0,1,0_0_0_1,6
nmQ1zIqsGoMiiyBq.mp3,0,1,1,0,0_1_1_0,7
noYzr84N5kRcNktR.mp3,0,1,0,1,0_1_0_1,1
npPbSXtAhHkOqMJH.mp3,0,0,0,1,0_0_0_1,6
nsCQHt8EBDUBsQq8.mp3,1,1,0,0,1_1_0_0,2
o1kYNvMDGYV5qfdu.mp3,0,0,0,1,0_0_0_1,6
oCnkH9LKVJJuWOh5.mp3,0,0,0,1,0_0_0_1,6
oDTHslFjtf25SDC2.mp3,0,0,0,1,0_0_0_1,6
oHzidGPUYlkSnAO1.mp3,1,1,0,0,1_1_0_0,2
oJl6T2DkHJ9fIzrA.mp3,1,1,0,0,1_1_0_0,2
oJqXa1KeQKYkF3xx.mp3,1,1,1,0,1_1_1_0,0
oLVBgTgZ3Df5bv2z.mp3,1,0,0,1,1_0_0_1,3
oOObHG8Kt4s319QU.mp3,1,1,0,0,1_1_0_0,2
oPyfsuPz96kvFsDT.mp3,1,1,0,0,1_1_0_0,2
oR1aWOWRrfqmk2zS.mp3,1,1,1,0,1_1_1_0,0
oVLfOmSNqsrduqvb.mp3,1,0,0,0,1_0_0_0,8
oVrgp0W6wAm2sNoN.mp3,0,0,0,0,0_0_0_0,4
oXACDE8QUiSLWPyX.mp3,1,0,0,1,1_0_0_1,3
oXEbiIPUippqpNjc.mp3,0,0,0,1,0_0_0_1,6
oe2OL898pDTy7h7Y.mp3,1,1,0,0,1_1_0_0,2
ofuF03vBR7COW3Jq.mp3,0,0,0,1,0_0_0_1,6
ohnODaAWNt2DWrtw.mp3,1,1,0,0,1_1_0_0,2
ojWTndBzutNq7Ep2.mp3,1,1,0,0,1_1_0_0,2
oojihJ3bQawMOA7W.mp3,1,1,0,0,1_1_0_0,2
osXxg2VDkHfDTAEZ.mp3,0,0,0,1,0_0_0_1,6
oylxlpwlK35bCUot.mp3,1,1,0,0,1_1_0_0,2
ozDM9Md3j30y5Oea.mp3,1,1,0,0,1_1_0_0,2
p0X9Xhlf6ohm14Fd.mp3,0,0,0,1,0_0_0_1,6
p0yHpfdpEcHZXtk6.mp3,1,0,1,0,1_0_1_0,12
p8stp90m0chKOgle.mp3,1,1,1,0,1_1_1_0,0
pAkFKHSEwAmArZ02.mp3,1,0,0,0,1_0_0_0,8
pC1sJ237eC61inau.mp3,0,1,0,1,0_1_0_1,1
pEWRscxvaUcOAjwM.mp3,1,1,0,0,1_1_0_0,2
pFM1oc4OMDYNIMiC.mp3,1,0,0,0,1_0_0_0,8
pGV7Q2bxnFniR0mo.mp3,1,1,0,0,1_1_0_0,2
pJdgkb0H7GiXEiLz.mp3,1,0,0,0,1_0_0_0,8
pMMWPzwoLPsTSjsr.mp3,0,1,0,0,0_1_0_0,5
pSmEdYQ198dWfhj8.mp3,1,1,1,0,1_1_1_0,0
pVwEwAYHoMPBeKgS.mp3,1,1,0,0,1_1_0_0,2
pa83yd2z3p0VbP8r.mp3,0,0,0,1,0_0_0_1,6
pgocyx6xo1uMk21l.mp3,1,1,0,0,1_1_0_0,2
pjYt058CrVFc2b1U.mp3,1,1,0,0,1_1_0_0,2
ppfAS6HOOjBZenig.mp3,1,1,1,0,1_1_1_0,0
prVky8MabZY60zIG.mp3,0,1,1,0,0_1_1_0,7
pwXr9PcT1lisM1lg.mp3,0,1,0,0,0_1_0_0,5
pxkzzV4GssNpCJs3.mp3,0,0,0,1,0_0_0_1,6
q1aCItuAZFuUuYFa.mp3,1,1,0,0,1_1_0_0,2
q5Hj3zkvfuEBh6ki.mp3,1,1,1,0,1_1_1_0,0
q5IeW1wdtcGvVJH2.mp3,1,1,0,0,1_1_0_0,2
q6NmvsqUM4SiNjDQ.mp3,1,1,0,0,1_1_0_0,2
q7g0H9GW8K7a2bGd.mp3,1,0,0,0,1_0_0_0,8
qACvyV0yBlE8ewRS.mp3,0,0,0,1,0_0_0_1,6
qC6s3Ekwkdfzi9me.mp3,0,0,0,1,0_0_0_1,6
qLugVUEOEVVI8wwI.mp3,0,0,0,0,0_0_0_0,4
qRR70HAss4xOaOD3.mp3,1,1,0,0,1_1_0_0,2
qRmCEL827m2KIEVf.mp3,1,1,0,0,1_1_0_0,2
qWKyrsXE9sHOln7o.mp3,0,0,0,1,0_0_0_1,6
qixkPyKhX46yPQ1C.mp3,0,0,0,1,0_0_0_1,6
qngZIxtIKJOftXFq.mp3,1,1,0,0,1_1_0_0,2
qqOBfDJ7E3cLeegK.mp3,1,0,0,1,1_0_0_1,3
qr9uaXdGRADjyQ01.mp3,0,0,0,1,0_0_0_1,6
qsMZOGVtbFr0jgC4.mp3,1,1,0,0,1_1_0_0,2
qwndNyv8pSv9MmZr.mp3,0,1,1,0,0_1_1_0,7
qz1O9FCKIGHYutNJ.mp3,0,0,0,1,0_0_0_1,6
qzIFnem4gFIgX8NR.mp3,1,1,0,0,1_1_0_0,2
r7CQf2Vn83wY9aRE.mp3,0,1,0,0,0_1_0_0,5
r7XXPnJZ8iwWe6DR.mp3,1,0,0,1,1_0_0_1,3
rF7m2VK2TvnFaABD.mp3,1,1,0,0,1_1_0_0,2
rGmsXNDV7uZSHpha.mp3,1,0,0,0,1_0_0_0,8
rHdf2WjHSCgKXGzg.mp3,1,0,0,0,1_0_0_0,8
rHr6DXG0XXHROaxs.mp3,1,0,0,0,1_0_0_0,8
rJirfSRLKeEmthKe.mp3,1,1,0,0,1_1_0_0,2
rRuOSPbThmBHZ7dH.mp3,0,0,0,1,0_0_0_1,6
rTnl6IWC8abB1CS5.mp3,0,0,1,1,0_0_1_1,11
rcuLUn0QxEn0A7zw.mp3,0,0,0,1,0_0_0_1,6
rdEiL2uaxiBA1CSM.mp3,1,1,0,0,1_1_0_0,2
rjVnl6e9lDhKzMwl.mp3,1,1,0,0,1_1_0_0,2
rtXnhCGY6vxLiJBU.mp3,0,0,0,1,0_0_0_1,6
rtYdEHNWHFA0LLR8.mp3,1,1,1,0,1_1_1_0,0
rvavoZwo5f1Enynt.mp3,0,1,0,1,0_1_0_1,1
rw2W2TJiTrTKPKNK.mp3,1,0,0,0,1_0_0_0,8
s1LItuAklZRYtARu.mp3,1,0,0,1,1_0_0_1,3
sAeR41YfEAYqZJMq.mp3,1,1,0,0,1_1_0_0,2
sBL4BRK1Hn9E5BBD.mp3,1,0,0,0,1_0_0_0,8
sG0klFe8tIgJoYRv.mp3,1,1,0,0,1_1_0_0,2
sSGo8GuumMmO7hp8.mp3,1,1,0,1,1_1_0_1,9
sUdym5OuKYfCFnkb.mp3,0,1,0,1,0_1_0_1,1
sVu40HdKIXtlE8St.mp3,1,1,0,0,1_1_0_0,2
sjsa30Kl7uqmEJhX.mp3,1,1,0,0,1_1_0_0,2
slVDsXNNQyY29kjs.mp3,1,0,0,0,1_0_0_0,8
slo5oWJiVGVQaRcG.mp3,1,0,0,0,1_0_0_0,8
spxPypbqi3RyQwfc.mp3,0,1,0,0,0_1_0_0,5
swvisT9Ems2llliT.mp3,1,1,0,0,1_1_0_0,2
syCYCp4zA9r4ucuw.mp3,1,0,0,1,1_0_0_1,3
syklnihkg1jXNkXc.mp3,0,0,0,1,0_0_0_1,6
t1ivedEjCG9jrqXH.mp3,0,1,1,0,0_1_1_0,7
t2ghCoGyJ1xTxf7F.mp3,1,1,1,0,1_1_1_0,0
t5jhIPnGMwuzfih7.mp3,0,0,0,1,0_0_0_1,6
t8ivjFJ3DcTXmqvQ.mp3,1,0,0,0,1_0_0_0,8
tBVWPBa9nPtZTTJu.mp3,0,0,0,1,0_0_0_1,6
tCWDrwXZyudcBmAp.mp3,1,1,0,0,1_1_0_0,2
tDF23d05ViIlM0X5.mp3,1,1,0,0,1_1_0_0,2
tK0roi3TzYXR8H4S.mp3,0,0,0,0,0_0_0_0,4
tMplnju2gtHtlzO0.mp3,0,0,0,1,0_0_0_1,6
tPmOeWe0o0cMPzS0.mp3,0,0,0,1,0_0_0_1,6
tRDgNQ6tI49PEfT7.mp3,1,1,0,0,1_1_0_0,2
tVVSOYO0AYb8BGsQ.mp3,1,0,0,0,1_0_0_0,8
tWWxCstcmyCEOj6o.mp3,1,0,0,1,1_0_0_1,3
tWidH7JZ8EtSuu5B.mp3,0,0,0,1,0_0_0_1,6
te4Wz35maiMLhL7n.mp3,0,0,0,1,0_0_0_1,6
tfCeaZTJ3PvekGrh.mp3,1,1,0,0,1_1_0_0,2
tizlnyrwfO8jGxMo.mp3,1,1,1,0,1_1_1_0,0
tl6hzwYYouXQLsPc.mp3,1,1,0,0,1_1_0_0,2
txCjzIH79UG7vYee.mp3,0,1,0,0,0_1_0_0,5
u0eiYoYYMGrIcAEG.mp3,0,0,0,0,0_0_0_0,4
u1HFMaombYv5OBS6.mp3,1,1,1,0,1_1_1_0,0
u33XCd6fUedJbxgA.mp3,1,1,0,0,1_1_0_0,2
u7vhAjFy7gXHiDoX.mp3,1,0,0,1,1_0_0_1,3
u95RTCb7QLKkxAP6.mp3,1,1,0,0,1_1_0_0,2
uFHaXRSj5mb46UEK.mp3,1,1,0,0,1_1_0_0,2
uO0YWyQuKgAjWLuU.mp3,0,1,0,0,0_1_0_0,5
uhTersxcUaJhjtti.mp3,0,0,0,1,0_0_0_1,6
uiu0uqWYZaUgvB5r.mp3,0,0,0,1,0_0_0_1,6
ujCM5vRaNYLOhRkD.mp3,0,1,0,0,0_1_0_0,5
uqu4jEGP4uJD3pMl.mp3,0,0,0,0,0_0_0_0,4
uqv8vFKNpY7ZGK6Q.mp3,1,1,0,0,1_1_0_0,2
uv0CCoXhIdlcWfs3.mp3,1,0,0,1,1_0_0_1,3
uzKXLSxiAgaOlHcV.mp3,0,0,0,0,0_0_0_0,4
v28H7r6mBaK6M5kh.mp3,1,1,1,0,1_1_1_0,0
v5xe058HcPorm48q.mp3,0,1,0,0,0_1_0_0,5
v8APALdGAhTc4hdo.mp3,1,0,0,1,1_0_0_1,3
v9Ro1RBns0pEfssI.mp3,0,0,1,0,0_0_1_0,13
vFdjdokF4PdY1G2r.mp3,1,0,0,1,1_0_0_1,3
vIQ0MVnZdhFaG7nM.mp3,1,0,0,1,1_0_0_1,3
vPXjhADxByVzvaDJ.mp3,0,0,0,1,0_0_0_1,6
vQNZ8Dl2OhdPgsNZ.mp3,0,1,0,1,0_1_0_1,1
va4jJOgjcRHsYL3r.mp3,0,0,0,1,0_0_0_1,6
vjZZsUhYqagYDpcj.mp3,1,1,1,0,1_1_1_0,0
vqzo9ArpWKIPsIR0.mp3,1,1,0,0,1_1_0_0,2
vtbhD0ELGbIi6dvO.mp3,1,0,0,0,1_0_0_0,8
vuz3Lt9vIfHiDK9K.mp3,1,1,0,0,1_1_0_0,2
vxINoBxOifw9QI9X.mp3,0,0,0,1,0_0_0_1,6
w4bOK5vPj1Kwiyib.mp3,0,0,0,1,0_0_0_1,6
w62vZ1UYY2kLh24G.mp3,0,1,0,1,0_1_0_1,1
wDMUI8NY1sk5ytNG.mp3,0,0,0,1,0_0_0_1,6
wEmSz3R47lM4jMRP.mp3,1,0,0,0,1_0_0_0,8
wHZKnUeKP2QdT5na.mp3,1,1,1,0,1_1_1_0,0
wSN22Mb9kOhFCSkF.mp3,0,1,0,1,0_1_0_1,1
wTUWevCxJXHvU2OZ.mp3,0,0,0,1,0_0_0_1,6
wb2zq9L2uzWDfkkR.mp3,1,1,0,0,1_1_0_0,2
weGvYHBbra72iadA.mp3,0,0,0,1,0_0_0_1,6
wgnDhE9CynqcOeX0.mp3,0,0,0,1,0_0_0_1,6
woLilmuzOsPbhztx.mp3,0,1,0,0,0_1_0_0,5
wzU0Ts9ZAMfwPqAl.mp3,0,0,0,1,0_0_0_1,6
x3VV5x5yweI3vk5p.mp3,1,1,0,0,1_1_0_0,2
x5aH4JW1WY40zgfM.mp3,0,0,0,1,0_0_0_1,6
x7Ql0rgWqnIRjnC4.mp3,1,0,0,1,1_0_0_1,3
xDbe5BXdgl6pJprT.mp3,1,1,0,0,1_1_0_0,2
xEbJU4QowLEwIBoy.mp3,1,0,0,0,1_0_0_0,8
xEcvnx4VYVEpoPje.mp3,1,1,0,0,1_1_0_0,2
xFKGe7TGuSG2o8TG.mp3,1,1,0,0,1_1_0_0,2
xGFWAjvdOVINkodS.mp3,1,0,0,1,1_0_0_1,3
xHB3nRubdLmGeDDu.mp3,0,0,0,0,0_0_0_0,4
xHYJQf12tt5g8bcj.mp3,1,0,0,0,1_0_0_0,8
xJQxuJxjozL6AdWd.mp3,0,0,0,1,0_0_0_1,6
xKoIQXEMwkI5l8rm.mp3,0,1,0,0,0_1_0_0,5
xOOEdjf960KobUx0.mp3,1,1,0,0,1_1_0_0,2
xSPgi4CPVDQgQNTR.mp3,0,0,0,1,0_0_0_1,6
xSoqKWmkteO0JYra.mp3,1,1,0,0,1_1_0_0,2
xW1XKPJ5ZLazRwpP.mp3,1,1,0,0,1_1_0_0,2
xaVmsFnG4Y0oXoYd.mp3,0,1,1,1,0_1_1_1,10
xbonhChib8SwjmvO.mp3,1,1,0,0,1_1_0_0,2
xdxLvB8vxQLM4J1R.mp3,1,0,1,0,1_0_1_0,12
xfowo70kQkyYMdv4.mp3,1,1,0,1,1_1_0_1,9
xjnM85WjHdZi94hY.mp3,1,1,1,0,1_1_1_0,0
xtBLBhtrZzq49hSt.mp3,1,1,1,0,1_1_1_0,0
xvJzktKdexliUFls.mp3,0,0,0,1,0_0_0_1,6
xyysAuyTqkOxhZEp.mp3,1,1,0,0,1_1_0_0,2
xzZddKwR3B3ViQpb.mp3,0,0,0,1,0_0_0_1,6
y3rp1TLPVM8Opivn.mp3,1,1,1,0,1_1_1_0,0
y6s9xeko0gaDpaxV.mp3,0,0,0,1,0_0_0_1,6
yA0YFr2whAxMUMMV.mp3,0,1,0,0,0_1_0_0,5
yBOFQhlVEbBXEiEp.mp3,1,1,0,0,1_1_0_0,2
yEmQ3qIWIA4AX1u7.mp3,1,1,1,0,1_1_1_0,0
yRWnMBqpoo1GBhhN.mp3,0,1,1,1,0_1_1_1,10
yWVLiOXZ7d75HmDr.mp3,1,0,0,1,1_0_0_1,3
yWrNTxHepxJrplD1.mp3,1,0,0,0,1_0_0_0,8
yZKjj4IdsJspS9g7.mp3,1,1,0,0,1_1_0_0,2
yZzTRfhOPJRyUxYV.mp3,1,1,0,0,1_1_0_0,2
ykzP9FF2FtzhHnKJ.mp3,1,1,0,0,1_1_0_0,2
yl20ponJwwQZmuRS.mp3,0,0,0,0,0_0_0_0,4
ywEjyBMstRqfUo5e.mp3,0,0,0,1,0_0_0_1,6
yxwnqPpBFVHxvXdP.mp3,1,1,1,0,1_1_1_0,0
yzQjA8AL9qYYFJmK.mp3,1,1,1,0,1_1_1_0,0
yzRWPe8tW6dntOUc.mp3,0,0,0,0,0_0_0_0,4
z7OQKA45O2talbmN.mp3,0,1,0,1,0_1_0_1,1
zBq8CyyFqwutu66k.mp3,0,0,0,1,0_0_0_1,6
zHvuMFLWLmJonA0a.mp3,1,0,0,0,1_0_0_0,8
zKzedowlcfUPce9l.mp3,0,1,0,1,0_1_0_1,1
zO8gwg73TYVDoxWp.mp3,0,0,0,1,0_0_0_1,6
zQxKNNnqC83tzTAK.mp3,1,0,0,1,1_0_0_1,3
zXouTXUyNaY4r1gM.mp3,0,0,0,0,0_0_0_0,4
zXowNVgmQrH8t9gz.mp3,1,1,0,0,1_1_0_0,2
zZYdBp9T3IwPjdKG.mp3,0,0,0,1,0_0_0_1,6
ziT77Si01mOb5oZg.mp3,1,1,0,0,1_1_0_0,2
zsDz17XVFUFYh4y7.mp3,0,0,0,1,0_0_0_1,6
