song,genre,tempo_librosa,tempo_autocorr,confidence
blues.00000.wav,blues,123.046875,63.02400914634146,1.481487512588501
blues.00001.wav,blues,67.99958881578948,67.99958881578948,2.0028271675109863
blues.00002.wav,blues,161.4990234375,161.4990234375,1.9498403072357178
blues.00003.wav,blues,63.02400914634146,63.02400914634146,1.7497113943099976
blues.00004.wav,blues,135.99917763157896,135.99917763157896,1.9637953042984009
blues.00005.wav,blues,69.83741554054055,69.83741554054055,2.2518301010131836
blues.00006.wav,blues,71.77734375,71.77734375,2.383026123046875
blues.00007.wav,blues,92.28515625,92.28515625,1.9430471658706665
blues.00008.wav,blues,83.35433467741936,83.35433467741936,1.5697903633117676
blues.00009.wav,blues,80.74951171875,83.35433467741936,1.1851847171783447
blues.00010.wav,blues,161.4990234375,161.4990234375,3.2406389713287354
blues.00011.wav,blues,161.4990234375,56.17357336956522,1.8807318210601807
blues.00012.wav,blues,184.5703125,184.5703125,1.9141279458999634
blues.00013.wav,blues,107.666015625,215.33203125,1.4272797107696533
blues.00014.wav,blues,151.99908088235293,151.99908088235293,1.433207392692566
blues.00015.wav,blues,103.359375,99.38401442307692,1.4098026752471924
blues.00016.wav,blues,198.76802884615384,198.76802884615384,1.3304593563079834
blues.00017.wav,blues,172.265625,172.265625,1.7387148141860962
blues.00018.wav,blues,83.35433467741936,83.35433467741936,1.2157974243164062
blues.00019.wav,blues,123.046875,123.046875,1.7148488759994507
blues.00020.wav,blues,135.99917763157896,135.99917763157896,1.3989509344100952
blues.00021.wav,blues,99.38401442307692,99.38401442307692,1.6454888582229614
blues.00022.wav,blues,95.703125,95.703125,1.789528489112854
blues.00023.wav,blues,184.5703125,184.5703125,1.504583477973938
blues.00024.wav,blues,103.359375,103.359375,1.7328567504882812
blues.00025.wav,blues,92.28515625,198.76802884615384,1.687778353691101
blues.00026.wav,blues,83.35433467741936,83.35433467741936,1.8847373723983765
blues.00027.wav,blues,92.28515625,95.703125,1.193658471107483
blues.00028.wav,blues,103.359375,51.6796875,1.6025415658950806
blues.00029.wav,blues,129.19921875,129.19921875,1.6160374879837036
blues.00030.wav,blues,151.99908088235293,151.99908088235293,1.192630410194397
blues.00031.wav,blues,151.99908088235293,151.99908088235293,1.3127481937408447
blues.00032.wav,blues,143.5546875,135.99917763157896,1.4731779098510742
blues.00033.wav,blues,151.99908088235293,151.99908088235293,1.3599425554275513
blues.00034.wav,blues,184.5703125,184.5703125,1.5982847213745117
blues.00035.wav,blues,129.19921875,129.19921875,1.2660939693450928
blues.00036.wav,blues,151.99908088235293,151.99908088235293,1.3693742752075195
blues.00037.wav,blues,123.046875,78.30255681818181,2.328824043273926
blues.00038.wav,blues,86.1328125,86.1328125,1.4685568809509277
blues.00039.wav,blues,117.45383522727273,117.45383522727273,1.5555487871170044
blues.00040.wav,blues,172.265625,172.265625,1.4112745523452759
blues.00041.wav,blues,129.19921875,129.19921875,1.066705346107483
blues.00042.wav,blues,89.10290948275862,60.09265988372093,1.2490780353546143
blues.00043.wav,blues,129.19921875,64.599609375,1.2866122722625732
blues.00044.wav,blues,135.99917763157896,135.99917763157896,1.1976186037063599
blues.00045.wav,blues,129.19921875,129.19921875,1.055647850036621
blues.00046.wav,blues,123.046875,61.5234375,1.6436823606491089
blues.00047.wav,blues,151.99908088235293,151.99908088235293,1.048351764678955
blues.00048.wav,blues,123.046875,123.046875,1.089963436126709
blues.00049.wav,blues,123.046875,61.5234375,1.587105631828308
blues.00050.wav,blues,135.99917763157896,67.99958881578948,1.483739972114563
blues.00051.wav,blues,99.38401442307692,99.38401442307692,1.1337432861328125
blues.00052.wav,blues,151.99908088235293,49.69200721153846,2.2946219444274902
blues.00053.wav,blues,103.359375,50.666360294117645,1.6230233907699585
blues.00054.wav,blues,89.10290948275862,184.5703125,1.2069370746612549
blues.00055.wav,blues,135.99917763157896,66.25600961538461,1.3957794904708862
blues.00056.wav,blues,161.4990234375,52.734375,1.7509310245513916
blues.00057.wav,blues,92.28515625,92.28515625,1.8383702039718628
blues.00058.wav,blues,107.666015625,52.734375,1.6662544012069702
blues.00059.wav,blues,107.666015625,215.33203125,1.7406647205352783
blues.00060.wav,blues,151.99908088235293,151.99908088235293,1.1849178075790405
blues.00061.wav,blues,129.19921875,66.25600961538461,1.0894204378128052
blues.00062.wav,blues,112.34714673913044,112.34714673913044,1.5293880701065063
blues.00063.wav,blues,92.28515625,45.333059210526315,1.2477144002914429
blues.00064.wav,blues,78.30255681818181,78.30255681818181,1.0567749738693237
blues.00065.wav,blues,107.666015625,53.8330078125,1.0631976127624512
blues.00066.wav,blues,161.4990234375,80.74951171875,1.4392743110656738
blues.00067.wav,blues,161.4990234375,161.4990234375,0.9849163889884949
blues.00068.wav,blues,161.4990234375,161.4990234375,1.275162696838379
blues.00069.wav,blues,78.30255681818181,78.30255681818181,0.936371922492981
blues.00070.wav,blues,143.5546875,73.828125,1.7483677864074707
blues.00071.wav,blues,73.828125,73.828125,0.8794793486595154
blues.00072.wav,blues,103.359375,67.99958881578948,1.015187382698059
blues.00073.wav,blues,99.38401442307692,48.75442216981132,1.0924267768859863
blues.00074.wav,blues,112.34714673913044,112.34714673913044,1.485337495803833
blues.00075.wav,blues,117.45383522727273,58.72691761363637,2.6773219108581543
blues.00076.wav,blues,117.45383522727273,117.45383522727273,1.1949126720428467
blues.00077.wav,blues,99.38401442307692,73.828125,1.6190495491027832
blues.00078.wav,blues,123.046875,161.4990234375,1.2167243957519531
blues.00079.wav,blues,78.30255681818181,78.30255681818181,1.1512264013290405
blues.00080.wav,blues,117.45383522727273,117.45383522727273,1.7582299709320068
blues.00081.wav,blues,103.359375,215.33203125,1.1590371131896973
blues.00082.wav,blues,123.046875,123.046875,1.2712421417236328
blues.00083.wav,blues,135.99917763157896,66.25600961538461,1.325844168663025
blues.00084.wav,blues,112.34714673913044,73.828125,1.8292638063430786
blues.00085.wav,blues,143.5546875,143.5546875,1.2885545492172241
blues.00086.wav,blues,123.046875,61.5234375,2.37333345413208
blues.00087.wav,blues,172.265625,86.1328125,1.6288626194000244
blues.00088.wav,blues,172.265625,172.265625,1.5679395198822021
blues.00089.wav,blues,107.666015625,107.666015625,1.52541184425354
blues.00090.wav,blues,143.5546875,69.83741554054055,1.8257074356079102
blues.00091.wav,blues,63.02400914634146,63.02400914634146,2.4848639965057373
blues.00092.wav,blues,83.35433467741936,83.35433467741936,1.5000821352005005
blues.00093.wav,blues,58.72691761363637,58.72691761363637,1.3581377267837524
blues.00094.wav,blues,103.359375,51.6796875,1.3255352973937988
blues.00095.wav,blues,135.99917763157896,67.99958881578948,1.1881264448165894
blues.00096.wav,blues,143.5546875,123.046875,1.19935142993927
blues.00097.wav,blues,117.45383522727273,117.45383522727273,1.6354477405548096
blues.00098.wav,blues,123.046875,63.02400914634146,1.5298991203308105
blues.00099.wav,blues,92.28515625,92.28515625,1.2289040088653564
classical.00000.wav,classical,95.703125,95.703125,0.728084146976471
classical.00001.wav,classical,112.34714673913044,112.34714673913044,0.4834502339363098
classical.00002.wav,classical,99.38401442307692,198.76802884615384,0.7863367199897766
classical.00003.wav,classical,71.77734375,143.5546875,0.4971688687801361
classical.00004.wav,classical,161.4990234375,161.4990234375,0.53091961145401
classical.00005.wav,classical,143.5546875,143.5546875,0.7780425548553467
classical.00006.wav,classical,99.38401442307692,99.38401442307692,0.37777161598205566
classical.00007.wav,classical,215.33203125,215.33203125,0.7649149894714355
classical.00008.wav,classical,135.99917763157896,135.99917763157896,0.6021258234977722
classical.00009.wav,classical,234.90767045454547,215.33203125,0.3381759226322174
classical.00010.wav,classical,103.359375,215.33203125,0.8293070197105408
classical.00011.wav,classical,151.99908088235293,151.99908088235293,0.4364442825317383
classical.00012.wav,classical,95.703125,92.28515625,0.37655946612358093
classical.00013.wav,classical,129.19921875,63.02400914634146,0.8625389933586121
classical.00014.wav,classical,143.5546875,73.828125,0.7309623956680298
classical.00015.wav,classical,83.35433467741936,161.4990234375,0.27192309498786926
classical.00016.wav,classical,99.38401442307692,99.38401442307692,0.6384050846099854
classical.00017.wav,classical,89.10290948275862,172.265625,0.7760420441627502
classical.00018.wav,classical,161.4990234375,129.19921875,0.3751630485057831
classical.00019.wav,classical,184.5703125,95.703125,0.39785802364349365
classical.00020.wav,classical,143.5546875,143.5546875,0.905024528503418
classical.00021.wav,classical,135.99917763157896,67.99958881578948,0.7810313701629639
classical.00022.wav,classical,107.666015625,107.666015625,0.6192176938056946
classical.00023.wav,classical,95.703125,95.703125,0.3038369119167328
classical.00024.wav,classical,151.99908088235293,151.99908088235293,0.9597868323326111
classical.00025.wav,classical,129.19921875,66.25600961538461,0.7820149660110474
classical.00026.wav,classical,161.4990234375,161.4990234375,0.7857048511505127
classical.00027.wav,classical,135.99917763157896,151.99908088235293,0.2764025926589966
classical.00028.wav,classical,161.4990234375,161.4990234375,0.6314219236373901
classical.00029.wav,classical,135.99917763157896,135.99917763157896,0.6302419304847717
classical.00030.wav,classical,117.45383522727273,117.45383522727273,0.45914220809936523
classical.00031.wav,classical,112.34714673913044,112.34714673913044,1.4902654886245728
classical.00032.wav,classical,103.359375,215.33203125,0.2793240547180176
classical.00033.wav,classical,95.703125,143.5546875,0.40773504972457886
classical.00034.wav,classical,123.046875,215.33203125,0.3628149926662445
classical.00035.wav,classical,151.99908088235293,151.99908088235293,1.269370198249817
classical.00036.wav,classical,107.666015625,184.5703125,0.4056442081928253
classical.00037.wav,classical,161.4990234375,161.4990234375,0.6516697406768799
classical.00038.wav,classical,151.99908088235293,112.34714673913044,0.8493143320083618
classical.00039.wav,classical,161.4990234375,184.5703125,0.6269888281822205
classical.00040.wav,classical,107.666015625,184.5703125,0.49560803174972534
classical.00041.wav,classical,123.046875,123.046875,0.4538307189941406
classical.00042.wav,classical,198.76802884615384,198.76802884615384,0.888033926486969
classical.00043.wav,classical,129.19921875,135.99917763157896,0.8252977132797241
classical.00044.wav,classical,80.74951171875,80.74951171875,0.6661616563796997
classical.00045.wav,classical,184.5703125,184.5703125,1.3573805093765259
classical.00046.wav,classical,129.19921875,64.599609375,0.45847856998443604
classical.00047.wav,classical,123.046875,215.33203125,0.22806783020496368
classical.00048.wav,classical,172.265625,161.4990234375,0.6916956901550293
classical.00049.wav,classical,103.359375,75.99954044117646,0.6536827087402344
classical.00050.wav,classical,107.666015625,215.33203125,0.16478502750396729
classical.00051.wav,classical,135.99917763157896,135.99917763157896,0.7676194906234741
classical.00052.wav,classical,161.4990234375,161.4990234375,1.3208502531051636
classical.00053.wav,classical,215.33203125,215.33203125,1.2301064729690552
classical.00054.wav,classical,95.703125,95.703125,0.5118861794471741
classical.00055.wav,classical,78.30255681818181,215.33203125,0.32740625739097595
classical.00056.wav,classical,95.703125,99.38401442307692,0.4777577519416809
classical.00057.wav,classical,107.666015625,107.666015625,1.1821470260620117
classical.00058.wav,classical,143.5546875,151.99908088235293,0.3167305886745453
classical.00059.wav,classical,117.45383522727273,58.72691761363637,1.2682839632034302
classical.00060.wav,classical,123.046875,123.046875,1.2316861152648926
classical.00061.wav,classical,151.99908088235293,151.99908088235293,1.1839430332183838
classical.00062.wav,classical,89.10290948275862,172.265625,1.2590190172195435
classical.00063.wav,classical,95.703125,95.703125,0.5883827805519104
classical.00064.wav,classical,89.10290948275862,50.666360294117645,0.9932934641838074
classical.00065.wav,classical,123.046875,123.046875,1.127722144126892
classical.00066.wav,classical,135.99917763157896,135.99917763157896,1.0165462493896484
classical.00067.wav,classical,143.5546875,143.5546875,1.156160593032837
classical.00068.wav,classical,83.35433467741936,83.35433467741936,0.8624160289764404
classical.00069.wav,classical,69.83741554054055,73.828125,0.40734991431236267
classical.00070.wav,classical,161.4990234375,53.8330078125,1.1364980936050415
classical.00071.wav,classical,143.5546875,143.5546875,0.6816880702972412
classical.00072.wav,classical,117.45383522727273,117.45383522727273,1.1205472946166992
classical.00073.wav,classical,129.19921875,43.06640625,1.0617731809616089
classical.00074.wav,classical,161.4990234375,80.74951171875,1.2012689113616943
classical.00075.wav,classical,117.45383522727273,117.45383522727273,0.3214006721973419
classical.00076.wav,classical,172.265625,43.06640625,0.9281232953071594
classical.00077.wav,classical,161.4990234375,41.67716733870968,1.1215945482254028
classical.00078.wav,classical,67.99958881578948,67.99958881578948,0.7927478551864624
classical.00079.wav,classical,143.5546875,215.33203125,0.87796550989151
classical.00080.wav,classical,143.5546875,215.33203125,0.20260313153266907
classical.00081.wav,classical,151.99908088235293,151.99908088235293,0.38943785429000854
classical.00082.wav,classical,112.34714673913044,112.34714673913044,0.5503889322280884
classical.00083.wav,classical,117.45383522727273,215.33203125,0.22353169322013855
classical.00084.wav,classical,112.34714673913044,112.34714673913044,0.8796928524971008
classical.00085.wav,classical,107.666015625,53.8330078125,1.0566374063491821
classical.00086.wav,classical,99.38401442307692,198.76802884615384,1.2838783264160156
classical.00087.wav,classical,123.046875,129.19921875,0.3018381595611572
classical.00088.wav,classical,103.359375,215.33203125,0.9258650541305542
classical.00089.wav,classical,99.38401442307692,99.38401442307692,0.975279688835144
classical.00090.wav,classical,95.703125,95.703125,0.5693310499191284
classical.00091.wav,classical,92.28515625,92.28515625,0.7365149259567261
classical.00092.wav,classical,95.703125,71.77734375,0.5438311100006104
classical.00093.wav,classical,135.99917763157896,69.83741554054055,1.1126190423965454
classical.00094.wav,classical,184.5703125,172.265625,0.5029937028884888
classical.00095.wav,classical,86.1328125,86.1328125,0.6656827926635742
classical.00096.wav,classical,135.99917763157896,135.99917763157896,0.6219758987426758
classical.00097.wav,classical,103.359375,103.359375,0.7163057923316956
classical.00098.wav,classical,184.5703125,184.5703125,1.267730951309204
classical.00099.wav,classical,95.703125,43.06640625,0.5450438857078552
country.00000.wav,country,86.1328125,83.35433467741936,0.793131947517395
country.00001.wav,country,129.19921875,129.19921875,0.6908894777297974
country.00002.wav,country,83.35433467741936,83.35433467741936,1.2514744997024536
country.00003.wav,country,161.4990234375,161.4990234375,1.171453833580017
country.00004.wav,country,117.45383522727273,117.45383522727273,0.7115526795387268
country.00005.wav,country,129.19921875,129.19921875,0.9667831063270569
country.00006.wav,country,112.34714673913044,112.34714673913044,0.7679280042648315
country.00007.wav,country,103.359375,198.76802884615384,0.7808337211608887
country.00008.wav,country,66.25600961538461,66.25600961538461,0.7795783281326294
country.00009.wav,country,95.703125,198.76802884615384,0.491306871175766
country.00010.wav,country,80.74951171875,39.75360576923077,1.3911820650100708
country.00011.wav,country,112.34714673913044,112.34714673913044,1.5222193002700806
country.00012.wav,country,89.10290948275862,43.79634533898305,1.3854734897613525
country.00013.wav,country,129.19921875,129.19921875,1.3355687856674194
country.00014.wav,country,135.99917763157896,135.99917763157896,1.3642852306365967
country.00015.wav,country,151.99908088235293,151.99908088235293,1.2418303489685059
country.00016.wav,country,107.666015625,107.666015625,1.9823604822158813
country.00017.wav,country,89.10290948275862,43.79634533898305,1.5069440603256226
country.00018.wav,country,86.1328125,86.1328125,1.221197485923767
country.00019.wav,country,83.35433467741936,43.06640625,1.2569557428359985
country.00020.wav,country,103.359375,198.76802884615384,1.6525799036026
country.00021.wav,country,107.666015625,107.666015625,1.195625901222229
country.00022.wav,country,184.5703125,61.5234375,1.264971375465393
country.00023.wav,country,83.35433467741936,83.35433467741936,1.33499014377594
country.00024.wav,country,129.19921875,129.19921875,2.005744457244873
country.00025.wav,country,73.828125,73.828125,1.363936424255371
country.00026.wav,country,107.666015625,107.666015625,1.653823971748352
country.00027.wav,country,92.28515625,92.28515625,1.1510871648788452
country.00028.wav,country,89.10290948275862,89.10290948275862,0.9682460427284241
country.00029.wav,country,89.10290948275862,184.5703125,1.147428274154663
country.00030.wav,country,161.4990234375,161.4990234375,1.1917074918746948
country.00031.wav,country,112.34714673913044,54.978390957446805,1.2177363634109497
country.00032.wav,country,99.38401442307692,99.38401442307692,1.2210255861282349
country.00033.wav,country,92.28515625,184.5703125,1.6829376220703125
country.00034.wav,country,135.99917763157896,135.99917763157896,1.885058879852295
country.00035.wav,country,99.38401442307692,198.76802884615384,1.302277684211731
country.00036.wav,country,112.34714673913044,112.34714673913044,1.5635331869125366
country.00037.wav,country,99.38401442307692,99.38401442307692,1.1237868070602417
country.00038.wav,country,151.99908088235293,78.30255681818181,1.3201199769973755
country.00039.wav,country,123.046875,123.046875,1.7123403549194336
country.00040.wav,country,143.5546875,69.83741554054055,1.752693772315979
country.00041.wav,country,129.19921875,64.599609375,1.465097427368164
country.00042.wav,country,103.359375,103.359375,1.5240769386291504
country.00043.wav,country,135.99917763157896,69.83741554054055,1.6339552402496338
country.00044.wav,country,78.30255681818181,78.30255681818181,1.324853777885437
country.00045.wav,country,78.30255681818181,78.30255681818181,1.5121220350265503
country.00046.wav,country,78.30255681818181,78.30255681818181,1.40867018699646
country.00047.wav,country,151.99908088235293,151.99908088235293,1.202920913696289
country.00048.wav,country,117.45383522727273,117.45383522727273,1.6052242517471313
country.00049.wav,country,112.34714673913044,57.421875,1.587929606437683
country.00050.wav,country,117.45383522727273,58.72691761363637,1.7463867664337158
country.00051.wav,country,64.599609375,64.599609375,1.132528305053711
country.00052.wav,country,71.77734375,71.77734375,1.1005887985229492
country.00053.wav,country,89.10290948275862,45.333059210526315,1.382715106010437
country.00054.wav,country,75.99954044117646,75.99954044117646,1.1394805908203125
country.00055.wav,country,129.19921875,66.25600961538461,1.343563199043274
country.00056.wav,country,80.74951171875,80.74951171875,1.0529767274856567
country.00057.wav,country,67.99958881578948,67.99958881578948,1.0287363529205322
country.00058.wav,country,112.34714673913044,112.34714673913044,1.8234719038009644
country.00059.wav,country,135.99917763157896,67.99958881578948,1.79398512840271
country.00060.wav,country,69.83741554054055,69.83741554054055,1.5364494323730469
country.00061.wav,country,60.09265988372093,60.09265988372093,1.2942593097686768
country.00062.wav,country,172.265625,172.265625,1.5223875045776367
country.00063.wav,country,83.35433467741936,41.67716733870968,2.1656334400177
country.00064.wav,country,66.25600961538461,66.25600961538461,0.8934773206710815
country.00065.wav,country,123.046875,123.046875,1.3255817890167236
country.00066.wav,country,112.34714673913044,54.978390957446805,1.6718353033065796
country.00067.wav,country,64.599609375,64.599609375,1.5366851091384888
country.00068.wav,country,172.265625,41.67716733870968,1.37623929977417
country.00069.wav,country,112.34714673913044,112.34714673913044,0.913855254650116
country.00070.wav,country,112.34714673913044,112.34714673913044,1.4130702018737793
country.00071.wav,country,143.5546875,143.5546875,0.94618821144104
country.00072.wav,country,151.99908088235293,151.99908088235293,1.224503993988037
country.00073.wav,country,151.99908088235293,151.99908088235293,1.2643321752548218
country.00074.wav,country,135.99917763157896,135.99917763157896,1.021459937095642
country.00075.wav,country,95.703125,95.703125,1.2287153005599976
country.00076.wav,country,143.5546875,143.5546875,1.976305603981018
country.00077.wav,country,184.5703125,184.5703125,1.1154550313949585
country.00078.wav,country,66.25600961538461,66.25600961538461,0.9022974967956543
country.00079.wav,country,80.74951171875,80.74951171875,1.2898305654525757
country.00080.wav,country,99.38401442307692,48.75442216981132,1.7914488315582275
country.00081.wav,country,89.10290948275862,89.10290948275862,1.6371525526046753
country.00082.wav,country,117.45383522727273,117.45383522727273,1.4624818563461304
country.00083.wav,country,143.5546875,143.5546875,1.133581519126892
country.00084.wav,country,86.1328125,172.265625,1.4813339710235596
country.00085.wav,country,73.828125,73.828125,1.3177694082260132
country.00086.wav,country,117.45383522727273,117.45383522727273,1.7241593599319458
country.00087.wav,country,143.5546875,143.5546875,1.0288610458374023
country.00088.wav,country,103.359375,52.734375,1.45879328250885
country.00089.wav,country,143.5546875,143.5546875,1.2852195501327515
country.00090.wav,country,135.99917763157896,135.99917763157896,1.3662216663360596
country.00091.wav,country,117.45383522727273,117.45383522727273,1.2171971797943115
country.00092.wav,country,161.4990234375,161.4990234375,1.3055777549743652
country.00093.wav,country,86.1328125,86.1328125,0.955543041229248
country.00094.wav,country,112.34714673913044,112.34714673913044,1.3743886947631836
country.00095.wav,country,89.10290948275862,45.333059210526315,1.5969247817993164
country.00096.wav,country,117.45383522727273,57.421875,1.1655365228652954
country.00097.wav,country,112.34714673913044,112.34714673913044,1.234602451324463
country.00098.wav,country,117.45383522727273,117.45383522727273,1.2110909223556519
country.00099.wav,country,143.5546875,73.828125,1.4485903978347778
disco.00000.wav,disco,117.45383522727273,57.421875,2.501988172531128
disco.00001.wav,disco,117.45383522727273,117.45383522727273,1.3882189989089966
disco.00002.wav,disco,92.28515625,92.28515625,1.5268759727478027
disco.00003.wav,disco,129.19921875,129.19921875,1.7744581699371338
disco.00004.wav,disco,123.046875,123.046875,1.3198052644729614
disco.00005.wav,disco,107.666015625,215.33203125,1.3702013492584229
disco.00006.wav,disco,123.046875,123.046875,1.167567253112793
disco.00007.wav,disco,129.19921875,64.599609375,1.8664038181304932
disco.00008.wav,disco,123.046875,123.046875,1.45322847366333
disco.00009.wav,disco,129.19921875,129.19921875,2.3220620155334473
disco.00010.wav,disco,107.666015625,107.666015625,1.1149836778640747
disco.00011.wav,disco,95.703125,184.5703125,1.5512504577636719
disco.00012.wav,disco,112.34714673913044,56.17357336956522,1.6758289337158203
disco.00013.wav,disco,184.5703125,184.5703125,1.3848671913146973
disco.00014.wav,disco,103.359375,103.359375,1.2223546504974365
disco.00015.wav,disco,123.046875,123.046875,1.728261947631836
disco.00016.wav,disco,123.046875,61.5234375,1.5449706315994263
disco.00017.wav,disco,123.046875,61.5234375,2.046844959259033
disco.00018.wav,disco,123.046875,123.046875,2.6346278190612793
disco.00019.wav,disco,117.45383522727273,117.45383522727273,2.470512628555298
disco.00020.wav,disco,161.4990234375,161.4990234375,1.6068880558013916
disco.00021.wav,disco,107.666015625,54.978390957446805,2.0628206729888916
disco.00022.wav,disco,123.046875,60.09265988372093,1.6163133382797241
disco.00023.wav,disco,112.34714673913044,57.421875,1.9068658351898193
disco.00024.wav,disco,129.19921875,129.19921875,1.593991994857788
disco.00025.wav,disco,123.046875,123.046875,2.859485149383545
disco.00026.wav,disco,117.45383522727273,60.09265988372093,2.034754753112793
disco.00027.wav,disco,112.34714673913044,56.17357336956522,2.6845433712005615
disco.00028.wav,disco,123.046875,123.046875,1.5748436450958252
disco.00029.wav,disco,103.359375,103.359375,1.5618479251861572
disco.00030.wav,disco,135.99917763157896,135.99917763157896,1.508198618888855
disco.00031.wav,disco,123.046875,123.046875,1.5469036102294922
disco.00032.wav,disco,112.34714673913044,54.978390957446805,2.759166955947876
disco.00033.wav,disco,129.19921875,129.19921875,1.5048621892929077
disco.00034.wav,disco,129.19921875,129.19921875,0.9092562794685364
disco.00035.wav,disco,123.046875,123.046875,1.6661332845687866
disco.00036.wav,disco,135.99917763157896,135.99917763157896,1.71644926071167
disco.00037.wav,disco,129.19921875,129.19921875,1.4225201606750488
disco.00038.wav,disco,123.046875,61.5234375,1.3932363986968994
disco.00039.wav,disco,112.34714673913044,215.33203125,1.6894314289093018
disco.00040.wav,disco,135.99917763157896,69.83741554054055,1.9815382957458496
disco.00041.wav,disco,161.4990234375,52.734375,1.7626378536224365
disco.00042.wav,disco,103.359375,103.359375,1.3947354555130005
disco.00043.wav,disco,129.19921875,129.19921875,1.7755781412124634
disco.00044.wav,disco,123.046875,123.046875,2.0941576957702637
disco.00045.wav,disco,123.046875,61.5234375,1.8732681274414062
disco.00046.wav,disco,123.046875,123.046875,2.142310380935669
disco.00047.wav,disco,123.046875,215.33203125,0.6469999551773071
disco.00048.wav,disco,99.38401442307692,67.99958881578948,1.7636274099349976
disco.00049.wav,disco,123.046875,60.09265988372093,1.9792485237121582
disco.00050.wav,disco,107.666015625,215.33203125,1.3815104961395264
disco.00051.wav,disco,107.666015625,107.666015625,1.526648998260498
disco.00052.wav,disco,123.046875,63.02400914634146,1.2883700132369995
disco.00053.wav,disco,135.99917763157896,69.83741554054055,2.4266836643218994
disco.00054.wav,disco,112.34714673913044,57.421875,2.1839871406555176
disco.00055.wav,disco,129.19921875,129.19921875,1.7171753644943237
disco.00056.wav,disco,89.10290948275862,89.10290948275862,2.1311428546905518
disco.00057.wav,disco,117.45383522727273,117.45383522727273,1.6563799381256104
disco.00058.wav,disco,129.19921875,66.25600961538461,2.193312168121338
disco.00059.wav,disco,123.046875,63.02400914634146,2.424258232116699
disco.00060.wav,disco,129.19921875,86.1328125,1.939634084701538
disco.00061.wav,disco,123.046875,63.02400914634146,2.7285807132720947
disco.00062.wav,disco,107.666015625,215.33203125,2.2830233573913574
disco.00063.wav,disco,129.19921875,129.19921875,2.2280445098876953
disco.00064.wav,disco,123.046875,123.046875,3.922792673110962
disco.00065.wav,disco,129.19921875,66.25600961538461,2.275498867034912
disco.00066.wav,disco,135.99917763157896,135.99917763157896,2.1261866092681885
disco.00067.wav,disco,99.38401442307692,198.76802884615384,1.24076509475708
disco.00068.wav,disco,107.666015625,215.33203125,1.4408934116363525
disco.00069.wav,disco,107.666015625,107.666015625,1.0787510871887207
disco.00070.wav,disco,107.666015625,107.666015625,1.5315443277359009
disco.00071.wav,disco,112.34714673913044,112.34714673913044,1.331780195236206
disco.00072.wav,disco,135.99917763157896,135.99917763157896,1.8974015712738037
disco.00073.wav,disco,112.34714673913044,112.34714673913044,1.7938789129257202
disco.00074.wav,disco,112.34714673913044,112.34714673913044,1.3730190992355347
disco.00075.wav,disco,135.99917763157896,66.25600961538461,1.3350368738174438
disco.00076.wav,disco,129.19921875,129.19921875,1.3459776639938354
disco.00077.wav,disco,117.45383522727273,117.45383522727273,1.689263105392456
disco.00078.wav,disco,129.19921875,129.19921875,1.6320642232894897
disco.00079.wav,disco,123.046875,60.09265988372093,2.661384105682373
disco.00080.wav,disco,99.38401442307692,48.75442216981132,2.3117434978485107
disco.00081.wav,disco,86.1328125,86.1328125,2.713684558868408
disco.00082.wav,disco,123.046875,123.046875,2.23747181892395
disco.00083.wav,disco,117.45383522727273,58.72691761363637,2.059699296951294
disco.00084.wav,disco,112.34714673913044,57.421875,3.4902358055114746
disco.00085.wav,disco,123.046875,123.046875,3.1726081371307373
disco.00086.wav,disco,123.046875,63.02400914634146,1.779187560081482
disco.00087.wav,disco,107.666015625,215.33203125,1.382442831993103
disco.00088.wav,disco,123.046875,61.5234375,1.1963597536087036
disco.00089.wav,disco,129.19921875,129.19921875,1.805431604385376
disco.00090.wav,disco,129.19921875,129.19921875,1.7761554718017578
disco.00091.wav,disco,99.38401442307692,99.38401442307692,3.017800807952881
disco.00092.wav,disco,117.45383522727273,57.421875,1.8122918605804443
disco.00093.wav,disco,107.666015625,54.978390957446805,2.123873710632324
disco.00094.wav,disco,135.99917763157896,69.83741554054055,1.5664496421813965
disco.00095.wav,disco,123.046875,123.046875,2.5534725189208984
disco.00096.wav,disco,103.359375,103.359375,2.008507490158081
disco.00097.wav,disco,129.19921875,129.19921875,2.502718210220337
disco.00098.wav,disco,123.046875,123.046875,2.1523537635803223
disco.00099.wav,disco,123.046875,123.046875,2.1523537635803223
hiphop.00000.wav,hiphop,117.45383522727273,117.45383522727273,2.812865972518921
hiphop.00001.wav,hiphop,92.28515625,45.333059210526315,1.850871205329895
hiphop.00002.wav,hiphop,99.38401442307692,49.69200721153846,2.3325507640838623
hiphop.00003.wav,hiphop,92.28515625,92.28515625,2.252908945083618
hiphop.00004.wav,hiphop,95.703125,48.75442216981132,3.8011841773986816
hiphop.00005.wav,hiphop,71.77734375,69.83741554054055,1.2591320276260376
hiphop.00006.wav,hiphop,99.38401442307692,198.76802884615384,3.243441581726074
hiphop.00007.wav,hiphop,123.046875,60.09265988372093,1.8563964366912842
hiphop.00008.wav,hiphop,172.265625,172.265625,2.2174785137176514
hiphop.00009.wav,hiphop,103.359375,103.359375,2.7857425212860107
hiphop.00010.wav,hiphop,95.703125,47.8515625,1.4788533449172974
hiphop.00011.wav,hiphop,135.99917763157896,198.76802884615384,1.9619282484054565
hiphop.00012.wav,hiphop,99.38401442307692,48.75442216981132,1.1879132986068726
hiphop.00013.wav,hiphop,103.359375,50.666360294117645,1.924531102180481
hiphop.00014.wav,hiphop,135.99917763157896,135.99917763157896,1.3149453401565552
hiphop.00015.wav,hiphop,198.76802884615384,198.76802884615384,1.6229186058044434
hiphop.00016.wav,hiphop,99.38401442307692,50.666360294117645,2.403042793273926
hiphop.00017.wav,hiphop,99.38401442307692,48.75442216981132,1.8346062898635864
hiphop.00018.wav,hiphop,143.5546875,215.33203125,2.270521879196167
hiphop.00019.wav,hiphop,99.38401442307692,50.666360294117645,3.151484251022339
hiphop.00020.wav,hiphop,117.45383522727273,58.72691761363637,2.346003532409668
hiphop.00021.wav,hiphop,99.38401442307692,198.76802884615384,1.2164442539215088
hiphop.00022.wav,hiphop,99.38401442307692,50.666360294117645,1.9512535333633423
hiphop.00023.wav,hiphop,92.28515625,184.5703125,1.0196717977523804
hiphop.00024.wav,hiphop,103.359375,50.666360294117645,2.3761699199676514
hiphop.00025.wav,hiphop,107.666015625,52.734375,1.3202568292617798
hiphop.00026.wav,hiphop,103.359375,41.015625,2.4395275115966797
hiphop.00027.wav,hiphop,92.28515625,45.333059210526315,2.3405165672302246
hiphop.00028.wav,hiphop,92.28515625,44.55145474137931,1.4800915718078613
hiphop.00029.wav,hiphop,123.046875,46.142578125,1.9128022193908691
hiphop.00030.wav,hiphop,89.10290948275862,89.10290948275862,1.5819369554519653
hiphop.00031.wav,hiphop,99.38401442307692,198.76802884615384,1.4135949611663818
hiphop.00032.wav,hiphop,99.38401442307692,99.38401442307692,2.205303907394409
hiphop.00033.wav,hiphop,95.703125,198.76802884615384,1.6424459218978882
hiphop.00034.wav,hiphop,198.76802884615384,198.76802884615384,1.0630229711532593
hiphop.00035.wav,hiphop,143.5546875,41.67716733870968,1.8791576623916626
hiphop.00036.wav,hiphop,117.45383522727273,78.30255681818181,3.017910957336426
hiphop.00037.wav,hiphop,143.5546875,71.77734375,2.6959218978881836
hiphop.00038.wav,hiphop,184.5703125,184.5703125,2.3675949573516846
hiphop.00039.wav,hiphop,184.5703125,47.8515625,2.688110828399658
hiphop.00040.wav,hiphop,80.74951171875,80.74951171875,1.7422609329223633
hiphop.00041.wav,hiphop,92.28515625,92.28515625,1.8353928327560425
hiphop.00042.wav,hiphop,92.28515625,92.28515625,1.7603014707565308
hiphop.00043.wav,hiphop,89.10290948275862,184.5703125,2.20913028717041
hiphop.00044.wav,hiphop,117.45383522727273,117.45383522727273,1.7996076345443726
hiphop.00045.wav,hiphop,184.5703125,47.8515625,2.688110828399658
hiphop.00046.wav,hiphop,95.703125,47.8515625,2.562971830368042
hiphop.00047.wav,hiphop,95.703125,48.75442216981132,2.13211989402771
hiphop.00048.wav,hiphop,95.703125,95.703125,2.2322845458984375
hiphop.00049.wav,hiphop,129.19921875,50.666360294117645,1.9856722354888916
hiphop.00050.wav,hiphop,99.38401442307692,99.38401442307692,2.2670681476593018
hiphop.00051.wav,hiphop,103.359375,103.359375,2.2022910118103027
hiphop.00052.wav,hiphop,103.359375,52.734375,2.8527581691741943
hiphop.00053.wav,hiphop,107.666015625,53.8330078125,3.4393093585968018
hiphop.00054.wav,hiphop,112.34714673913044,56.17357336956522,2.2329068183898926
hiphop.00055.wav,hiphop,107.666015625,41.015625,2.065629720687866
hiphop.00056.wav,hiphop,99.38401442307692,50.666360294117645,2.38130784034729
hiphop.00057.wav,hiphop,89.10290948275862,54.978390957446805,1.9519895315170288
hiphop.00058.wav,hiphop,172.265625,45.333059210526315,2.389702558517456
hiphop.00059.wav,hiphop,92.28515625,184.5703125,2.0888278484344482
hiphop.00060.wav,hiphop,184.5703125,45.333059210526315,2.3032634258270264
hiphop.00061.wav,hiphop,184.5703125,184.5703125,1.9291467666625977
hiphop.00062.wav,hiphop,92.28515625,46.142578125,2.988818407058716
hiphop.00063.wav,hiphop,92.28515625,46.98153409090909,1.9448692798614502
hiphop.00064.wav,hiphop,86.1328125,86.1328125,2.2717998027801514
hiphop.00065.wav,hiphop,95.703125,47.8515625,3.253410816192627
hiphop.00066.wav,hiphop,92.28515625,92.28515625,2.839977979660034
hiphop.00067.wav,hiphop,95.703125,48.75442216981132,2.139904499053955
hiphop.00068.wav,hiphop,95.703125,48.75442216981132,2.3487746715545654
hiphop.00069.wav,hiphop,129.19921875,50.666360294117645,1.967278003692627
hiphop.00070.wav,hiphop,95.703125,47.8515625,2.4732558727264404
hiphop.00071.wav,hiphop,95.703125,47.8515625,1.7607008218765259
hiphop.00072.wav,hiphop,99.38401442307692,99.38401442307692,2.176910400390625
hiphop.00073.wav,hiphop,92.28515625,46.142578125,2.0217032432556152
hiphop.00074.wav,hiphop,99.38401442307692,99.38401442307692,2.1354315280914307
hiphop.00075.wav,hiphop,92.28515625,46.142578125,2.055307626724243
hiphop.00076.wav,hiphop,95.703125,48.75442216981132,2.5686941146850586
hiphop.00077.wav,hiphop,117.45383522727273,117.45383522727273,2.057631254196167
hiphop.00078.wav,hiphop,95.703125,48.75442216981132,2.5686941146850586
hiphop.00079.wav,hiphop,103.359375,103.359375,2.6101582050323486
hiphop.00080.wav,hiphop,95.703125,47.8515625,1.7520287036895752
hiphop.00081.wav,hiphop,103.359375,50.666360294117645,2.144333600997925
hiphop.00082.wav,hiphop,107.666015625,52.734375,1.1050602197647095
hiphop.00083.wav,hiphop,103.359375,103.359375,1.542664885520935
hiphop.00084.wav,hiphop,112.34714673913044,75.99954044117646,2.095696210861206
hiphop.00085.wav,hiphop,112.34714673913044,54.978390957446805,1.2766438722610474
hiphop.00086.wav,hiphop,99.38401442307692,99.38401442307692,1.8381229639053345
hiphop.00087.wav,hiphop,135.99917763157896,50.666360294117645,2.5102896690368652
hiphop.00088.wav,hiphop,117.45383522727273,117.45383522727273,1.2780513763427734
hiphop.00089.wav,hiphop,123.046875,63.02400914634146,1.6512651443481445
hiphop.00090.wav,hiphop,151.99908088235293,151.99908088235293,1.041359305381775
hiphop.00091.wav,hiphop,103.359375,198.76802884615384,1.371924638748169
hiphop.00092.wav,hiphop,112.34714673913044,75.99954044117646,1.6644256114959717
hiphop.00093.wav,hiphop,117.45383522727273,58.72691761363637,2.0691475868225098
hiphop.00094.wav,hiphop,151.99908088235293,73.828125,1.7866724729537964
hiphop.00095.wav,hiphop,112.34714673913044,112.34714673913044,1.1637879610061646
hiphop.00096.wav,hiphop,107.666015625,71.77734375,1.5646861791610718
hiphop.00097.wav,hiphop,151.99908088235293,151.99908088235293,1.096427321434021
hiphop.00098.wav,hiphop,107.666015625,215.33203125,1.7287083864212036
hiphop.00099.wav,hiphop,107.666015625,53.8330078125,2.2314138412475586
jazz.00000.wav,jazz,123.046875,123.046875,1.243259072303772
jazz.00001.wav,jazz,135.99917763157896,46.142578125,1.1366071701049805
jazz.00002.wav,jazz,151.99908088235293,107.666015625,1.0901886224746704
jazz.00003.wav,jazz,92.28515625,198.76802884615384,0.607897162437439
jazz.00004.wav,jazz,64.599609375,63.02400914634146,0.9865673184394836
jazz.00005.wav,jazz,107.666015625,215.33203125,1.7443253993988037
jazz.00006.wav,jazz,135.99917763157896,135.99917763157896,1.5668225288391113
jazz.00007.wav,jazz,61.5234375,61.5234375,1.0744249820709229
jazz.00008.wav,jazz,107.666015625,107.666015625,1.4476983547210693
jazz.00009.wav,jazz,107.666015625,56.17357336956522,0.8033620715141296
jazz.00010.wav,jazz,112.34714673913044,42.36039959016394,1.3871216773986816
jazz.00011.wav,jazz,99.38401442307692,66.25600961538461,1.1541571617126465
jazz.00012.wav,jazz,112.34714673913044,112.34714673913044,1.2901502847671509
jazz.00013.wav,jazz,99.38401442307692,151.99908088235293,1.1247472763061523
jazz.00014.wav,jazz,129.19921875,129.19921875,1.0553587675094604
jazz.00015.wav,jazz,117.45383522727273,78.30255681818181,1.1968529224395752
jazz.00016.wav,jazz,73.828125,73.828125,0.8736522197723389
jazz.00017.wav,jazz,215.33203125,215.33203125,1.843512773513794
jazz.00018.wav,jazz,103.359375,198.76802884615384,0.6628624796867371
jazz.00019.wav,jazz,184.5703125,198.76802884615384,0.921255886554718
jazz.00020.wav,jazz,107.666015625,107.666015625,1.2338804006576538
jazz.00021.wav,jazz,123.046875,123.046875,0.8922677040100098
jazz.00022.wav,jazz,129.19921875,129.19921875,1.0060138702392578
jazz.00023.wav,jazz,86.1328125,86.1328125,1.125661015510559
jazz.00024.wav,jazz,103.359375,103.359375,1.3616080284118652
jazz.00025.wav,jazz,103.359375,67.99958881578948,1.2624461650848389
jazz.00026.wav,jazz,151.99908088235293,215.33203125,0.7024498581886292
jazz.00027.wav,jazz,143.5546875,143.5546875,1.193103551864624
jazz.00028.wav,jazz,99.38401442307692,99.38401442307692,1.127407431602478
jazz.00029.wav,jazz,112.34714673913044,112.34714673913044,1.1219806671142578
jazz.00030.wav,jazz,215.33203125,215.33203125,0.6996996402740479
jazz.00031.wav,jazz,112.34714673913044,172.265625,1.154792070388794
jazz.00032.wav,jazz,129.19921875,64.599609375,2.0861692428588867
jazz.00033.wav,jazz,95.703125,95.703125,1.5297718048095703
jazz.00034.wav,jazz,95.703125,198.76802884615384,1.8405612707138062
jazz.00035.wav,jazz,71.77734375,71.77734375,0.9234843254089355
jazz.00036.wav,jazz,123.046875,83.35433467741936,1.6435434818267822
jazz.00037.wav,jazz,95.703125,95.703125,1.3739004135131836
jazz.00038.wav,jazz,151.99908088235293,151.99908088235293,1.0996626615524292
jazz.00039.wav,jazz,99.38401442307692,198.76802884615384,2.5168120861053467
jazz.00040.wav,jazz,99.38401442307692,99.38401442307692,0.9185046553611755
jazz.00041.wav,jazz,95.703125,95.703125,1.870131254196167
jazz.00042.wav,jazz,73.828125,73.828125,1.3070433139801025
jazz.00043.wav,jazz,151.99908088235293,75.99954044117646,1.3528804779052734
jazz.00044.wav,jazz,103.359375,103.359375,1.347824215888977
jazz.00045.wav,jazz,73.828125,71.77734375,0.8577747941017151
jazz.00046.wav,jazz,107.666015625,215.33203125,2.0235211849212646
jazz.00047.wav,jazz,69.83741554054055,69.83741554054055,1.124756097793579
jazz.00048.wav,jazz,129.19921875,129.19921875,1.0593724250793457
jazz.00049.wav,jazz,184.5703125,184.5703125,1.005632758140564
jazz.00050.wav,jazz,151.99908088235293,151.99908088235293,1.140842080116272
jazz.00051.wav,jazz,95.703125,95.703125,1.5413038730621338
jazz.00052.wav,jazz,107.666015625,107.666015625,1.3370455503463745
jazz.00053.wav,jazz,95.703125,198.76802884615384,1.9092490673065186
jazz.00055.wav,jazz,71.77734375,71.77734375,0.9261765480041504
jazz.00056.wav,jazz,123.046875,83.35433467741936,1.175034523010254
jazz.00057.wav,jazz,95.703125,46.98153409090909,0.8609434962272644
jazz.00058.wav,jazz,123.046875,83.35433467741936,1.686963438987732
jazz.00059.wav,jazz,107.666015625,52.734375,1.707826018333435
jazz.00060.wav,jazz,95.703125,95.703125,1.4576307535171509
jazz.00061.wav,jazz,172.265625,172.265625,1.1958343982696533
jazz.00062.wav,jazz,151.99908088235293,151.99908088235293,1.141006588935852
jazz.00063.wav,jazz,123.046875,123.046875,0.9562975168228149
jazz.00064.wav,jazz,99.38401442307692,198.76802884615384,1.431455373764038
jazz.00065.wav,jazz,99.38401442307692,198.76802884615384,2.5449039936065674
jazz.00066.wav,jazz,129.19921875,44.55145474137931,1.0112824440002441
jazz.00067.wav,jazz,99.38401442307692,99.38401442307692,0.9362455606460571
jazz.00068.wav,jazz,73.828125,73.828125,1.3333429098129272
jazz.00069.wav,jazz,151.99908088235293,75.99954044117646,1.3886537551879883
jazz.00070.wav,jazz,103.359375,103.359375,1.3795690536499023
jazz.00071.wav,jazz,151.99908088235293,71.77734375,0.8763958215713501
jazz.00072.wav,jazz,107.666015625,215.33203125,2.037564277648926
jazz.00073.wav,jazz,112.34714673913044,112.34714673913044,1.2853988409042358
jazz.00074.wav,jazz,83.35433467741936,83.35433467741936,1.5535342693328857
jazz.00075.wav,jazz,103.359375,103.359375,1.1230086088180542
jazz.00076.wav,jazz,117.45383522727273,61.5234375,1.1333247423171997
jazz.00077.wav,jazz,184.5703125,184.5703125,1.245557427406311
jazz.00078.wav,jazz,80.74951171875,80.74951171875,1.6502741575241089
jazz.00079.wav,jazz,107.666015625,53.8330078125,1.2502667903900146
jazz.00080.wav,jazz,135.99917763157896,198.76802884615384,1.2846112251281738
jazz.00081.wav,jazz,117.45383522727273,57.421875,1.927914023399353
jazz.00082.wav,jazz,99.38401442307692,48.75442216981132,1.61492919921875
jazz.00083.wav,jazz,107.666015625,215.33203125,1.1742849349975586
jazz.00084.wav,jazz,123.046875,61.5234375,1.2178281545639038
jazz.00085.wav,jazz,80.74951171875,78.30255681818181,1.1308420896530151
jazz.00086.wav,jazz,135.99917763157896,135.99917763157896,1.1176615953445435
jazz.00087.wav,jazz,135.99917763157896,135.99917763157896,1.290380835533142
jazz.00088.wav,jazz,129.19921875,129.19921875,1.380552887916565
jazz.00089.wav,jazz,117.45383522727273,117.45383522727273,0.599421501159668
jazz.00090.wav,jazz,135.99917763157896,45.333059210526315,1.2307167053222656
jazz.00091.wav,jazz,83.35433467741936,57.421875,0.7032791376113892
jazz.00092.wav,jazz,117.45383522727273,215.33203125,0.6234884858131409
jazz.00093.wav,jazz,83.35433467741936,83.35433467741936,0.9895713329315186
jazz.00094.wav,jazz,123.046875,123.046875,1.7642797231674194
jazz.00095.wav,jazz,117.45383522727273,117.45383522727273,1.176476001739502
jazz.00096.wav,jazz,135.99917763157896,135.99917763157896,1.4788613319396973
jazz.00097.wav,jazz,86.1328125,54.978390957446805,0.961799681186676
jazz.00098.wav,jazz,80.74951171875,80.74951171875,1.3912017345428467
jazz.00099.wav,jazz,135.99917763157896,135.99917763157896,1.362019658088684
metal.00000.wav,metal,95.703125,184.5703125,0.6401937007904053
metal.00001.wav,metal,78.30255681818181,78.30255681818181,0.6932145953178406
metal.00002.wav,metal,112.34714673913044,112.34714673913044,0.8019880652427673
metal.00003.wav,metal,99.38401442307692,99.38401442307692,0.6737650632858276
metal.00004.wav,metal,135.99917763157896,135.99917763157896,0.8485782146453857
metal.00005.wav,metal,151.99908088235293,78.30255681818181,1.0031055212020874
metal.00006.wav,metal,123.046875,60.09265988372093,0.8629254698753357
metal.00007.wav,metal,151.99908088235293,151.99908088235293,0.6168649792671204
metal.00008.wav,metal,117.45383522727273,117.45383522727273,1.1968109607696533
metal.00009.wav,metal,112.34714673913044,112.34714673913044,0.6540341973304749
metal.00010.wav,metal,184.5703125,184.5703125,0.7221189141273499
metal.00011.wav,metal,161.4990234375,161.4990234375,0.4010058045387268
metal.00012.wav,metal,172.265625,83.35433467741936,0.7371518611907959
metal.00013.wav,metal,135.99917763157896,135.99917763157896,0.7426527142524719
metal.00014.wav,metal,151.99908088235293,161.4990234375,0.7425838708877563
metal.00015.wav,metal,172.265625,172.265625,0.6557815670967102
metal.00016.wav,metal,92.28515625,92.28515625,0.6716145873069763
metal.00017.wav,metal,107.666015625,215.33203125,0.8344190716743469
metal.00018.wav,metal,99.38401442307692,198.76802884615384,0.7654687166213989
metal.00019.wav,metal,112.34714673913044,215.33203125,1.0379359722137451
metal.00020.wav,metal,99.38401442307692,99.38401442307692,0.9119699001312256
metal.00021.wav,metal,107.666015625,107.666015625,0.6779879927635193
metal.00022.wav,metal,135.99917763157896,135.99917763157896,0.8916605710983276
metal.00023.wav,metal,143.5546875,71.77734375,1.0370914936065674
metal.00024.wav,metal,112.34714673913044,112.34714673913044,0.5019387602806091
metal.00025.wav,metal,135.99917763157896,69.83741554054055,1.5866868495941162
metal.00026.wav,metal,129.19921875,129.19921875,0.6894704699516296
metal.00027.wav,metal,129.19921875,129.19921875,0.9121192693710327
metal.00028.wav,metal,135.99917763157896,69.83741554054055,0.49624496698379517
metal.00029.wav,metal,123.046875,60.09265988372093,1.339830756187439
metal.00030.wav,metal,129.19921875,66.25600961538461,1.2553547620773315
metal.00031.wav,metal,135.99917763157896,135.99917763157896,1.0665029287338257
metal.00032.wav,metal,117.45383522727273,43.79634533898305,0.8643478155136108
metal.00033.wav,metal,123.046875,61.5234375,1.084496259689331
metal.00034.wav,metal,161.4990234375,161.4990234375,1.1582720279693604
metal.00035.wav,metal,117.45383522727273,117.45383522727273,0.7867746949195862
metal.00036.wav,metal,143.5546875,143.5546875,0.9334601759910583
metal.00037.wav,metal,135.99917763157896,135.99917763157896,0.5873797535896301
metal.00038.wav,metal,95.703125,198.76802884615384,1.85257887840271
metal.00039.wav,metal,117.45383522727273,60.09265988372093,0.6432310342788696
metal.00040.wav,metal,107.666015625,107.666015625,1.0534322261810303
metal.00041.wav,metal,117.45383522727273,58.72691761363637,1.2245850563049316
metal.00042.wav,metal,129.19921875,64.599609375,0.9959403872489929
metal.00043.wav,metal,95.703125,46.98153409090909,1.570395827293396
metal.00044.wav,metal,117.45383522727273,117.45383522727273,0.8726155161857605
metal.00045.wav,metal,61.5234375,61.5234375,1.6586772203445435
metal.00046.wav,metal,117.45383522727273,117.45383522727273,0.6572005748748779
metal.00047.wav,metal,103.359375,215.33203125,0.7345580458641052
metal.00048.wav,metal,107.666015625,215.33203125,0.7079517245292664
metal.00049.wav,metal,99.38401442307692,99.38401442307692,0.6260786056518555
metal.00050.wav,metal,112.34714673913044,112.34714673913044,0.7741069197654724
metal.00051.wav,metal,107.666015625,107.666015625,0.858958899974823
metal.00052.wav,metal,161.4990234375,161.4990234375,1.51084303855896
metal.00053.wav,metal,123.046875,123.046875,0.7140765190124512
metal.00054.wav,metal,123.046875,123.046875,0.7673320770263672
metal.00055.wav,metal,172.265625,172.265625,0.8326312899589539
metal.00056.wav,metal,107.666015625,107.666015625,0.8071545362472534
metal.00057.wav,metal,129.19921875,129.19921875,1.3538457155227661
metal.00058.wav,metal,143.5546875,73.828125,0.5474046468734741
metal.00059.wav,metal,99.38401442307692,99.38401442307692,0.4664817750453949
metal.00060.wav,metal,89.10290948275862,45.333059210526315,0.6863365769386292
metal.00061.wav,metal,107.666015625,107.666015625,1.0534322261810303
metal.00062.wav,metal,117.45383522727273,58.72691761363637,1.2245850563049316
metal.00063.wav,metal,129.19921875,64.599609375,0.9959403872489929
metal.00064.wav,metal,95.703125,46.98153409090909,1.570395827293396
metal.00065.wav,metal,117.45383522727273,117.45383522727273,0.8726155161857605
metal.00066.wav,metal,61.5234375,61.5234375,1.6586772203445435
metal.00067.wav,metal,135.99917763157896,66.25600961538461,1.403165578842163
metal.00068.wav,metal,161.4990234375,161.4990234375,1.457856297492981
metal.00069.wav,metal,161.4990234375,161.4990234375,1.1136620044708252
metal.00070.wav,metal,117.45383522727273,117.45383522727273,1.4861284494400024
metal.00071.wav,metal,86.1328125,42.36039959016394,1.3525111675262451
metal.00072.wav,metal,123.046875,60.09265988372093,0.5326334834098816
metal.00073.wav,metal,143.5546875,71.77734375,1.1700611114501953
metal.00074.wav,metal,123.046875,123.046875,1.230126142501831
metal.00075.wav,metal,112.34714673913044,112.34714673913044,1.1185510158538818
metal.00076.wav,metal,143.5546875,143.5546875,0.8577744364738464
metal.00077.wav,metal,151.99908088235293,151.99908088235293,0.7751497626304626
metal.00078.wav,metal,99.38401442307692,99.38401442307692,1.4044965505599976
metal.00079.wav,metal,123.046875,123.046875,1.0877195596694946
metal.00080.wav,metal,161.4990234375,161.4990234375,1.4063674211502075
metal.00081.wav,metal,151.99908088235293,151.99908088235293,0.775157630443573
metal.00082.wav,metal,123.046875,123.046875,0.8863207697868347
metal.00083.wav,metal,117.45383522727273,117.45383522727273,0.9383150339126587
metal.00084.wav,metal,151.99908088235293,151.99908088235293,1.2920308113098145
metal.00085.wav,metal,103.359375,103.359375,1.0646755695343018
metal.00086.wav,metal,123.046875,61.5234375,1.1043552160263062
metal.00087.wav,metal,95.703125,95.703125,1.0542783737182617
metal.00088.wav,metal,117.45383522727273,117.45383522727273,2.085193395614624
metal.00089.wav,metal,151.99908088235293,151.99908088235293,1.0570944547653198
metal.00090.wav,metal,89.10290948275862,89.10290948275862,0.9286561608314514
metal.00091.wav,metal,92.28515625,67.99958881578948,0.8534384369850159
metal.00092.wav,metal,117.45383522727273,172.265625,0.8951648473739624
metal.00093.wav,metal,172.265625,172.265625,0.8374326825141907
metal.00094.wav,metal,161.4990234375,161.4990234375,1.1582720279693604
metal.00095.wav,metal,151.99908088235293,151.99908088235293,1.0712352991104126
metal.00096.wav,metal,161.4990234375,172.265625,1.5676950216293335
metal.00097.wav,metal,112.34714673913044,112.34714673913044,1.048732876777649
metal.00098.wav,metal,151.99908088235293,151.99908088235293,2.131951093673706
metal.00099.wav,metal,143.5546875,71.77734375,1.7013885974884033
pop.00000.wav,pop,89.10290948275862,66.25600961538461,1.6553635597229004
pop.00001.wav,pop,107.666015625,52.734375,2.1304385662078857
pop.00002.wav,pop,83.35433467741936,63.02400914634146,2.0507164001464844
pop.00003.wav,pop,92.28515625,46.142578125,1.4507724046707153
pop.00004.wav,pop,107.666015625,53.8330078125,0.955869197845459
pop.00005.wav,pop,172.265625,172.265625,1.161743402481079
pop.00006.wav,pop,92.28515625,46.142578125,1.4074867963790894
pop.00007.wav,pop,129.19921875,129.19921875,1.0238161087036133
pop.00008.wav,pop,172.265625,172.265625,1.0178940296173096
pop.00009.wav,pop,107.666015625,52.734375,1.4910430908203125
pop.00010.wav,pop,107.666015625,53.8330078125,1.9457131624221802
pop.00011.wav,pop,123.046875,123.046875,0.6883500814437866
pop.00012.wav,pop,99.38401442307692,99.38401442307692,0.9343974590301514
pop.00013.wav,pop,143.5546875,71.77734375,2.10166335105896
pop.00014.wav,pop,117.45383522727273,117.45383522727273,1.0791678428649902
pop.00015.wav,pop,103.359375,103.359375,2.4535467624664307
pop.00016.wav,pop,107.666015625,54.978390957446805,2.5202720165252686
pop.00017.wav,pop,107.666015625,54.978390957446805,0.539218008518219
pop.00018.wav,pop,123.046875,61.5234375,1.7670973539352417
pop.00019.wav,pop,92.28515625,184.5703125,1.8004484176635742
pop.00020.wav,pop,107.666015625,107.666015625,2.1616251468658447
pop.00021.wav,pop,99.38401442307692,198.76802884615384,2.2647767066955566
pop.00022.wav,pop,103.359375,103.359375,2.436750650405884
pop.00023.wav,pop,103.359375,103.359375,2.604919195175171
pop.00024.wav,pop,117.45383522727273,58.72691761363637,2.123121738433838
pop.00025.wav,pop,151.99908088235293,151.99908088235293,2.2831928730010986
pop.00026.wav,pop,75.99954044117646,75.99954044117646,1.8074861764907837
pop.00027.wav,pop,83.35433467741936,83.35433467741936,2.5338387489318848
pop.00028.wav,pop,99.38401442307692,40.374755859375,2.2784180641174316
pop.00029.wav,pop,161.4990234375,161.4990234375,2.0616774559020996
pop.00030.wav,pop,95.703125,95.703125,1.642110824584961
pop.00031.wav,pop,95.703125,95.703125,1.6039584875106812
pop.00032.wav,pop,95.703125,95.703125,2.3646585941314697
pop.00033.wav,pop,99.38401442307692,49.69200721153846,1.7614257335662842
pop.00034.wav,pop,95.703125,47.8515625,2.0523605346679688
pop.00035.wav,pop,107.666015625,215.33203125,1.5278197526931763
pop.00036.wav,pop,99.38401442307692,198.76802884615384,2.0423388481140137
pop.00037.wav,pop,103.359375,103.359375,2.015418291091919
pop.00038.wav,pop,92.28515625,92.28515625,2.2762491703033447
pop.00039.wav,pop,83.35433467741936,41.67716733870968,1.5740957260131836
pop.00040.wav,pop,129.19921875,64.599609375,0.8771733045578003
pop.00041.wav,pop,107.666015625,53.8330078125,1.219659447669983
pop.00042.wav,pop,92.28515625,92.28515625,1.9792817831039429
pop.00043.wav,pop,135.99917763157896,66.25600961538461,1.7260849475860596
pop.00044.wav,pop,117.45383522727273,117.45383522727273,2.3913521766662598
pop.00045.wav,pop,117.45383522727273,43.79634533898305,2.437274932861328
pop.00046.wav,pop,117.45383522727273,43.79634533898305,2.3629984855651855
pop.00047.wav,pop,112.34714673913044,54.978390957446805,1.7525438070297241
pop.00048.wav,pop,129.19921875,64.599609375,1.8051680326461792
pop.00049.wav,pop,58.72691761363637,58.72691761363637,2.083627700805664
pop.00050.wav,pop,143.5546875,69.83741554054055,2.0468320846557617
pop.00051.wav,pop,112.34714673913044,112.34714673913044,1.3553723096847534
pop.00052.wav,pop,103.359375,51.6796875,2.436246633529663
pop.00053.wav,pop,161.4990234375,161.4990234375,1.1710838079452515
pop.00054.wav,pop,129.19921875,48.75442216981132,2.391281843185425
pop.00055.wav,pop,103.359375,52.734375,2.892117977142334
pop.00056.wav,pop,89.10290948275862,89.10290948275862,3.2079339027404785
pop.00057.wav,pop,103.359375,51.6796875,2.4953579902648926
pop.00058.wav,pop,99.38401442307692,56.17357336956522,2.487598180770874
pop.00059.wav,pop,89.10290948275862,89.10290948275862,3.2883899211883545
pop.00060.wav,pop,129.19921875,48.75442216981132,2.391281843185425
pop.00061.wav,pop,95.703125,95.703125,2.151695966720581
pop.00062.wav,pop,161.4990234375,161.4990234375,1.2536308765411377
pop.00063.wav,pop,80.74951171875,61.5234375,1.1146687269210815
pop.00064.wav,pop,129.19921875,129.19921875,2.060304641723633
pop.00065.wav,pop,117.45383522727273,57.421875,1.9847453832626343
pop.00066.wav,pop,80.74951171875,41.015625,1.689939260482788
pop.00067.wav,pop,112.34714673913044,112.34714673913044,1.8725382089614868
pop.00068.wav,pop,129.19921875,86.1328125,2.3183207511901855
pop.00069.wav,pop,107.666015625,52.734375,1.8544145822525024
pop.00070.wav,pop,123.046875,63.02400914634146,2.3783164024353027
pop.00071.wav,pop,112.34714673913044,112.34714673913044,1.8725382089614868
pop.00072.wav,pop,117.45383522727273,57.421875,1.4073739051818848
pop.00073.wav,pop,129.19921875,129.19921875,1.7905926704406738
pop.00074.wav,pop,83.35433467741936,41.67716733870968,1.8935115337371826
pop.00075.wav,pop,95.703125,46.98153409090909,2.2215378284454346
pop.00076.wav,pop,215.33203125,54.978390957446805,2.2731680870056152
pop.00077.wav,pop,112.34714673913044,112.34714673913044,2.9008827209472656
pop.00078.wav,pop,103.359375,103.359375,2.3652584552764893
pop.00079.wav,pop,112.34714673913044,56.17357336956522,1.9073325395584106
pop.00080.wav,pop,112.34714673913044,54.978390957446805,1.765077829360962
pop.00081.wav,pop,143.5546875,73.828125,2.112806558609009
pop.00082.wav,pop,129.19921875,63.02400914634146,1.88430917263031
pop.00083.wav,pop,123.046875,123.046875,1.7678269147872925
pop.00084.wav,pop,99.38401442307692,198.76802884615384,2.4947609901428223
pop.00085.wav,pop,117.45383522727273,60.09265988372093,2.8062572479248047
pop.00086.wav,pop,129.19921875,66.25600961538461,1.8195797204971313
pop.00087.wav,pop,103.359375,103.359375,1.552180528640747
pop.00088.wav,pop,99.38401442307692,99.38401442307692,2.9597809314727783
pop.00089.wav,pop,99.38401442307692,198.76802884615384,2.7151904106140137
pop.00090.wav,pop,103.359375,103.359375,1.5807551145553589
pop.00091.wav,pop,117.45383522727273,57.421875,1.9764623641967773
pop.00092.wav,pop,107.666015625,54.978390957446805,1.7368963956832886
pop.00093.wav,pop,135.99917763157896,135.99917763157896,1.7185285091400146
pop.00094.wav,pop,151.99908088235293,151.99908088235293,1.4393268823623657
pop.00095.wav,pop,103.359375,69.83741554054055,1.9525296688079834
pop.00096.wav,pop,92.28515625,45.333059210526315,1.877894639968872
pop.00097.wav,pop,99.38401442307692,49.69200721153846,2.714750289916992
pop.00098.wav,pop,117.45383522727273,57.421875,2.379047155380249
pop.00099.wav,pop,78.30255681818181,39.75360576923077,2.1129069328308105
reggae.00000.wav,reggae,123.046875,123.046875,1.9466979503631592
reggae.00001.wav,reggae,151.99908088235293,161.4990234375,1.8218107223510742
reggae.00002.wav,reggae,103.359375,51.6796875,3.293219804763794
reggae.00003.wav,reggae,143.5546875,151.99908088235293,2.6865954399108887
reggae.00004.wav,reggae,123.046875,123.046875,2.832505941390991
reggae.00005.wav,reggae,161.4990234375,161.4990234375,2.4523847103118896
reggae.00006.wav,reggae,75.99954044117646,75.99954044117646,2.378612995147705
reggae.00007.wav,reggae,151.99908088235293,151.99908088235293,2.2352325916290283
reggae.00008.wav,reggae,95.703125,198.76802884615384,2.4775290489196777
reggae.00009.wav,reggae,161.4990234375,161.4990234375,2.931260585784912
reggae.00010.wav,reggae,117.45383522727273,112.34714673913044,1.365568995475769
reggae.00011.wav,reggae,123.046875,123.046875,2.4073140621185303
reggae.00012.wav,reggae,129.19921875,129.19921875,2.3767099380493164
reggae.00013.wav,reggae,123.046875,123.046875,2.665022611618042
reggae.00014.wav,reggae,129.19921875,129.19921875,2.645380735397339
reggae.00015.wav,reggae,129.19921875,63.02400914634146,2.1022276878356934
reggae.00016.wav,reggae,143.5546875,143.5546875,2.136932373046875
reggae.00017.wav,reggae,129.19921875,129.19921875,2.346519947052002
reggae.00018.wav,reggae,151.99908088235293,78.30255681818181,2.6954469680786133
reggae.00019.wav,reggae,143.5546875,143.5546875,2.9002182483673096
reggae.00020.wav,reggae,129.19921875,129.19921875,2.5100297927856445
reggae.00021.wav,reggae,151.99908088235293,151.99908088235293,1.149182677268982
reggae.00022.wav,reggae,151.99908088235293,73.828125,2.0959014892578125
reggae.00023.wav,reggae,129.19921875,129.19921875,2.2260260581970215
reggae.00024.wav,reggae,135.99917763157896,69.83741554054055,2.7162997722625732
reggae.00025.wav,reggae,123.046875,123.046875,2.780986785888672
reggae.00026.wav,reggae,135.99917763157896,69.83741554054055,2.4926578998565674
reggae.00027.wav,reggae,135.99917763157896,135.99917763157896,2.8974273204803467
reggae.00028.wav,reggae,78.30255681818181,78.30255681818181,3.269347667694092
reggae.00029.wav,reggae,151.99908088235293,151.99908088235293,3.1717898845672607
reggae.00030.wav,reggae,75.99954044117646,75.99954044117646,3.6161115169525146
reggae.00031.wav,reggae,161.4990234375,161.4990234375,3.2024290561676025
reggae.00032.wav,reggae,151.99908088235293,151.99908088235293,2.443256139755249
reggae.00033.wav,reggae,89.10290948275862,43.79634533898305,3.5351030826568604
reggae.00034.wav,reggae,184.5703125,184.5703125,3.2871546745300293
reggae.00035.wav,reggae,107.666015625,161.4990234375,3.4817633628845215
reggae.00036.wav,reggae,86.1328125,43.06640625,2.765186071395874
reggae.00037.wav,reggae,151.99908088235293,151.99908088235293,4.394680976867676
reggae.00038.wav,reggae,95.703125,95.703125,2.894547939300537
reggae.00039.wav,reggae,151.99908088235293,151.99908088235293,3.815164566040039
reggae.00040.wav,reggae,92.28515625,92.28515625,1.9704138040542603
reggae.00041.wav,reggae,143.5546875,73.828125,2.4314403533935547
reggae.00042.wav,reggae,123.046875,123.046875,1.9967483282089233
reggae.00043.wav,reggae,151.99908088235293,78.30255681818181,1.862555980682373
reggae.00044.wav,reggae,172.265625,172.265625,2.6189675331115723
reggae.00045.wav,reggae,161.4990234375,161.4990234375,2.6328775882720947
reggae.00046.wav,reggae,172.265625,42.36039959016394,1.58958101272583
reggae.00047.wav,reggae,143.5546875,73.828125,2.1604440212249756
reggae.00048.wav,reggae,89.10290948275862,89.10290948275862,2.269280433654785
reggae.00049.wav,reggae,95.703125,48.75442216981132,2.1196320056915283
reggae.00050.wav,reggae,95.703125,46.98153409090909,2.91080379486084
reggae.00051.wav,reggae,86.1328125,64.599609375,3.457057237625122
reggae.00052.wav,reggae,99.38401442307692,49.69200721153846,2.204162120819092
reggae.00053.wav,reggae,75.99954044117646,75.99954044117646,2.9641616344451904
reggae.00054.wav,reggae,143.5546875,151.99908088235293,2.8441081047058105
reggae.00055.wav,reggae,129.19921875,129.19921875,2.2802371978759766
reggae.00056.wav,reggae,161.4990234375,161.4990234375,2.632884979248047
reggae.00057.wav,reggae,95.703125,95.703125,2.6416683197021484
reggae.00058.wav,reggae,123.046875,123.046875,2.9173781871795654
reggae.00059.wav,reggae,151.99908088235293,151.99908088235293,1.97788405418396
reggae.00060.wav,reggae,112.34714673913044,112.34714673913044,1.4077566862106323
reggae.00061.wav,reggae,92.28515625,46.142578125,2.1216065883636475
reggae.00062.wav,reggae,151.99908088235293,151.99908088235293,3.0976922512054443
reggae.00063.wav,reggae,184.5703125,184.5703125,2.15757155418396
reggae.00064.wav,reggae,172.265625,43.06640625,2.0423190593719482
reggae.00065.wav,reggae,89.10290948275862,89.10290948275862,2.7633535861968994
reggae.00066.wav,reggae,161.4990234375,39.75360576923077,2.36908221244812
reggae.00067.wav,reggae,83.35433467741936,41.67716733870968,1.778963565826416
reggae.00068.wav,reggae,135.99917763157896,135.99917763157896,2.4869909286499023
reggae.00069.wav,reggae,143.5546875,143.5546875,2.387434244155884
reggae.00070.wav,reggae,172.265625,172.265625,1.998339056968689
reggae.00071.wav,reggae,143.5546875,69.83741554054055,2.8119142055511475
reggae.00072.wav,reggae,112.34714673913044,112.34714673913044,2.638617992401123
reggae.00073.wav,reggae,83.35433467741936,172.265625,1.444183111190796
reggae.00074.wav,reggae,172.265625,172.265625,1.4433164596557617
reggae.00075.wav,reggae,143.5546875,71.77734375,1.4700536727905273
reggae.00076.wav,reggae,161.4990234375,78.30255681818181,3.2751967906951904
reggae.00077.wav,reggae,143.5546875,73.828125,1.748031497001648
reggae.00078.wav,reggae,161.4990234375,161.4990234375,2.6777026653289795
reggae.00079.wav,reggae,151.99908088235293,75.99954044117646,1.9379582405090332
reggae.00080.wav,reggae,99.38401442307692,49.69200721153846,2.5270471572875977
reggae.00081.wav,reggae,99.38401442307692,49.69200721153846,2.555980920791626
reggae.00082.wav,reggae,99.38401442307692,49.69200721153846,2.555980920791626
reggae.00083.wav,reggae,129.19921875,129.19921875,1.2477004528045654
reggae.00084.wav,reggae,198.76802884615384,198.76802884615384,2.296699047088623
reggae.00085.wav,reggae,86.1328125,86.1328125,2.052546739578247
reggae.00086.wav,reggae,129.19921875,129.19921875,2.436811923980713
reggae.00087.wav,reggae,83.35433467741936,83.35433467741936,3.0199594497680664
reggae.00088.wav,reggae,107.666015625,107.666015625,2.23927640914917
reggae.00089.wav,reggae,151.99908088235293,73.828125,3.1092941761016846
reggae.00090.wav,reggae,151.99908088235293,75.99954044117646,2.6131491661071777
reggae.00091.wav,reggae,143.5546875,143.5546875,1.5813887119293213
reggae.00092.wav,reggae,143.5546875,143.5546875,1.5737550258636475
reggae.00093.wav,reggae,89.10290948275862,89.10290948275862,2.185723304748535
reggae.00094.wav,reggae,129.19921875,63.02400914634146,1.3540762662887573
reggae.00095.wav,reggae,123.046875,61.5234375,1.757473349571228
reggae.00096.wav,reggae,89.10290948275862,44.55145474137931,2.049561023712158
reggae.00097.wav,reggae,161.4990234375,161.4990234375,0.9819790124893188
reggae.00098.wav,reggae,123.046875,60.09265988372093,2.628690481185913
reggae.00099.wav,reggae,117.45383522727273,117.45383522727273,1.8425014019012451
rock.00000.wav,rock,123.046875,60.09265988372093,1.0711817741394043
rock.00001.wav,rock,151.99908088235293,151.99908088235293,1.1531641483306885
rock.00002.wav,rock,107.666015625,107.666015625,3.0106310844421387
rock.00003.wav,rock,95.703125,46.98153409090909,2.155304193496704
rock.00004.wav,rock,103.359375,103.359375,1.6699508428573608
rock.00005.wav,rock,99.38401442307692,99.38401442307692,0.9976972341537476
rock.00006.wav,rock,112.34714673913044,57.421875,1.1754345893859863
rock.00007.wav,rock,89.10290948275862,44.55145474137931,1.2187888622283936
rock.00008.wav,rock,89.10290948275862,44.55145474137931,0.48832204937934875
rock.00009.wav,rock,75.99954044117646,75.99954044117646,2.259355306625366
rock.00010.wav,rock,161.4990234375,161.4990234375,1.6856670379638672
rock.00011.wav,rock,117.45383522727273,78.30255681818181,1.6665141582489014
rock.00012.wav,rock,112.34714673913044,56.17357336956522,2.463791608810425
rock.00013.wav,rock,123.046875,92.28515625,1.8827354907989502
rock.00014.wav,rock,117.45383522727273,117.45383522727273,2.560483694076538
rock.00015.wav,rock,135.99917763157896,135.99917763157896,2.2417523860931396
rock.00016.wav,rock,143.5546875,73.828125,0.5474046468734741
rock.00017.wav,rock,123.046875,123.046875,0.8908047676086426
rock.00018.wav,rock,117.45383522727273,58.72691761363637,1.1389809846878052
rock.00019.wav,rock,117.45383522727273,60.09265988372093,1.1697405576705933
rock.00020.wav,rock,99.38401442307692,99.38401442307692,0.967195451259613
rock.00021.wav,rock,184.5703125,184.5703125,0.8343849182128906
rock.00022.wav,rock,198.76802884615384,198.76802884615384,0.9865200519561768
rock.00023.wav,rock,73.828125,73.828125,0.9129186272621155
rock.00024.wav,rock,73.828125,73.828125,0.9178049564361572
rock.00025.wav,rock,103.359375,103.359375,0.6022191047668457
rock.00026.wav,rock,112.34714673913044,56.17357336956522,0.8947696089744568
rock.00027.wav,rock,151.99908088235293,151.99908088235293,0.9630305171012878
rock.00028.wav,rock,135.99917763157896,135.99917763157896,1.542150855064392
rock.00029.wav,rock,123.046875,83.35433467741936,1.313633680343628
rock.00030.wav,rock,117.45383522727273,117.45383522727273,1.867997407913208
rock.00031.wav,rock,117.45383522727273,78.30255681818181,2.0416064262390137
rock.00032.wav,rock,92.28515625,92.28515625,1.0706530809402466
rock.00033.wav,rock,117.45383522727273,117.45383522727273,1.6949635744094849
rock.00034.wav,rock,135.99917763157896,135.99917763157896,0.7165509462356567
rock.00035.wav,rock,129.19921875,129.19921875,1.5974011421203613
rock.00036.wav,rock,135.99917763157896,135.99917763157896,1.1847013235092163
rock.00037.wav,rock,129.19921875,129.19921875,1.3631291389465332
rock.00038.wav,rock,135.99917763157896,135.99917763157896,0.9722617268562317
rock.00039.wav,rock,143.5546875,143.5546875,0.7988039255142212
rock.00040.wav,rock,112.34714673913044,112.34714673913044,1.5653443336486816
rock.00041.wav,rock,117.45383522727273,117.45383522727273,1.1010702848434448
rock.00042.wav,rock,161.4990234375,161.4990234375,1.7596794366836548
rock.00043.wav,rock,89.10290948275862,89.10290948275862,1.717728853225708
rock.00044.wav,rock,92.28515625,92.28515625,1.4220640659332275
rock.00045.wav,rock,151.99908088235293,151.99908088235293,0.956080973148346
rock.00046.wav,rock,103.359375,198.76802884615384,1.3026719093322754
rock.00047.wav,rock,107.666015625,107.666015625,1.148150086402893
rock.00048.wav,rock,129.19921875,66.25600961538461,1.1839243173599243
rock.00049.wav,rock,112.34714673913044,83.35433467741936,1.2351882457733154
rock.00050.wav,rock,123.046875,123.046875,2.2089273929595947
rock.00051.wav,rock,172.265625,43.79634533898305,1.6719508171081543
rock.00052.wav,rock,129.19921875,48.75442216981132,2.32383394241333
rock.00053.wav,rock,117.45383522727273,60.09265988372093,0.9828711748123169
rock.00054.wav,rock,107.666015625,215.33203125,0.9696956872940063
rock.00055.wav,rock,129.19921875,64.599609375,1.8165894746780396
rock.00056.wav,rock,135.99917763157896,135.99917763157896,1.516825556755066
rock.00057.wav,rock,123.046875,63.02400914634146,1.305691123008728
rock.00058.wav,rock,135.99917763157896,57.421875,0.6785315275192261
rock.00059.wav,rock,117.45383522727273,117.45383522727273,1.393967866897583
rock.00060.wav,rock,89.10290948275862,89.10290948275862,1.2281765937805176
rock.00061.wav,rock,80.74951171875,61.5234375,2.1579179763793945
rock.00062.wav,rock,123.046875,123.046875,1.698751449584961
rock.00063.wav,rock,75.99954044117646,63.02400914634146,1.5422782897949219
rock.00064.wav,rock,151.99908088235293,151.99908088235293,1.7561819553375244
rock.00065.wav,rock,123.046875,63.02400914634146,1.0062733888626099
rock.00066.wav,rock,75.99954044117646,75.99954044117646,1.718071699142456
rock.00067.wav,rock,103.359375,103.359375,1.4976462125778198
rock.00068.wav,rock,123.046875,123.046875,1.0663057565689087
rock.00069.wav,rock,172.265625,172.265625,1.1889535188674927
rock.00070.wav,rock,172.265625,172.265625,1.6696640253067017
rock.00071.wav,rock,112.34714673913044,56.17357336956522,1.961533784866333
rock.00072.wav,rock,103.359375,103.359375,1.9342886209487915
rock.00073.wav,rock,95.703125,46.98153409090909,1.7876945734024048
rock.00074.wav,rock,112.34714673913044,112.34714673913044,1.3001295328140259
rock.00075.wav,rock,117.45383522727273,60.09265988372093,2.1955811977386475
rock.00076.wav,rock,95.703125,95.703125,1.3713746070861816
rock.00077.wav,rock,107.666015625,53.8330078125,2.108771800994873
rock.00078.wav,rock,99.38401442307692,48.75442216981132,1.5949877500534058
rock.00079.wav,rock,123.046875,123.046875,1.450085997581482
rock.00080.wav,rock,117.45383522727273,117.45383522727273,1.213794469833374
rock.00081.wav,rock,117.45383522727273,117.45383522727273,1.7644739151000977
rock.00082.wav,rock,99.38401442307692,48.75442216981132,1.158973217010498
rock.00083.wav,rock,123.046875,123.046875,1.4276785850524902
rock.00084.wav,rock,129.19921875,64.599609375,1.2408257722854614
rock.00085.wav,rock,184.5703125,48.75442216981132,1.1507282257080078
rock.00086.wav,rock,129.19921875,66.25600961538461,1.662660837173462
rock.00087.wav,rock,129.19921875,66.25600961538461,0.8868052959442139
rock.00088.wav,rock,92.28515625,46.142578125,1.4656513929367065
rock.00089.wav,rock,107.666015625,54.978390957446805,1.862134575843811
rock.00090.wav,rock,123.046875,123.046875,1.0473284721374512
rock.00091.wav,rock,143.5546875,71.77734375,0.9062249064445496
rock.00092.wav,rock,129.19921875,129.19921875,0.9610499143600464
rock.00093.wav,rock,103.359375,51.6796875,0.726826548576355
rock.00094.wav,rock,112.34714673913044,112.34714673913044,0.6588570475578308
rock.00095.wav,rock,103.359375,51.6796875,1.2109781503677368
rock.00096.wav,rock,117.45383522727273,117.45383522727273,0.9257367849349976
rock.00097.wav,rock,129.19921875,129.19921875,0.845491349697113
rock.00098.wav,rock,73.828125,54.978390957446805,1.0433015823364258
rock.00099.wav,rock,123.046875,123.046875,1.0351146459579468
